-2.6835,-3.1984,-4.6245,-6.7792,-7.6956,-7.2068,-4.3557,-2.9038,-1.0789,-8.0319,74.98381254296565
-6.3274,-0.8306,-7.3481,-2.5849,-1.6642,-1.3128,-4.5384,-5.0834,0.78532,-1.2957,-13.90205170550342
-7.5468,-6.2297,-4.7677,-7.5482,0.57735,-6.0158,1.9618,-3.2375,-3.5708,-3.9195,-66.42132051595463
-3.0643,-2.0191,-2.7039,-8.2018,-6.3019,-0.15003,-3.8188,-2.3549,-4.4465,-2.9896,101.00599832398757
-7.088,-6.8564,-5.1803,-6.0831,-4.5805,-2.7904,-3.5851,1.5565,-0.61696,-7.2974,45.75730381735702
-5.8796,-5.7867,-5.5327,-9.4828,-2.6542,-3.695,-1.0551,-5.427,-0.75537,-2.7584,-35.68111381648617
-1.7885,-10.808,-6.2511,-3.1512,-5.7154,-6.6436,-6.2928,-2.3523,-0.1063,-4.416,26.05167694947759
-7.7648,-1.0426,-4.0372,-1.3294,-0.54389,-4.8767,-4.31,-5.3711,-3.5567,-3.6479,11.143451888736461
-7.532,-6.6466,-2.3282,-1.439,-0.68817,-3.9179,-6.3808,0.23136,-4.7111,-2.5473,49.11383036520465
-3.9565,-2.9193,-0.053552,-5.7821,-4.0144,-0.96949,-1.7683,-4.7535,-5.7519,-5.6742,75.53669850685348
-1.1618,-3.9639,-3.6169,-4.709,-4.1365,-5.2582,-4.1127,-1.6697,-8.5873,-5.1882,97.10858771693154
-0.25891,-7.864,-4.7004,-6.5626,-3.0663,-7.4962,-6.6015,-2.6776,-6.8302,1.0772,46.77107667351295
-1.2079,-2.1255,-4.1255,-3.9836,-6.5133,-5.1324,-1.4672,-4.2635,-4.6571,-1.2768,50.736566665796104
-3.9301,-1.7071,-1.4132,-2.5259,-7.6974,-0.59971,-5.5464,1.9402,-7.3164,-5.5833,179.25006653799704
-4.9473,-3.7781,-5.5196,-0.67462,-3.9491,-1.5567,-9.874,-0.99907,-6.0807,-6.8394,133.7980991922921
-2.8867,-6.4746,-2.3042,-3.2773,-1.0865,-4.3601,-3.8871,-4.3068,-1.6363,-6.857,11.228218269695672
-5.4917,-3.8889,-5.4149,-0.60282,-3.359,-4.8612,-2.732,-2.7673,-4.4889,-5.8298,35.60876413487992
-3.8433,-5.3101,-0.95665,-3.4466,2.5088,-7.3173,-3.8269,-4.6207,-6.6796,-6.526,9.136199246565727
-7.9175,-4.1252,-7.0587,-7.8049,-3.8958,-5.4026,-3.3744,-3.9142,-6.2648,-1.7892,27.367168120144274
-2.173,-5.4487,-12.037,-2.4053,-6.5703,-3.1155,-8.2434,-5.7645,-2.7449,-6.608,64.3229713525057
-6.9479,-1.6141,-1.9552,-3.3103,-3.4444,-4.8064,-5.8787,-4.8124,-6.8959,-4.2047,87.4954867761777
-6.0936,-8.5014,-7.4478,-2.8637,-2.4584,-5.6132,-3.4741,-6.6275,2.3256,-10.505,-41.94205811309995
-8.587,-3.7894,-6.3212,-7.1104,-5.4435,-2.4726,-5.7185,-3.9854,-3.8835,-8.9059,81.40109130679824
-6.4034,-4.9278,-5.2821,-11.183,0.083424,-7.5741,-5.4678,-9.3461,-6.0536,-10.834,13.631644561844922
-1.5218,-3.962,-3.9327,-6.2373,-5.6831,-6.5186,-4.4332,-2.8,-5.9265,-6.1112,88.42775425268479
-3.564,-4.1622,-4.4117,-6.5476,-4.0434,-6.6943,-4.8314,-4.1559,-5.4242,-0.27456,42.18997776112319
-3.1659,-1.0582,-4.3834,-6.5348,-4.0905,-2.1082,-2.1296,-8.6038,-7.9764,-3.911,57.21585365611759
-4.176,1.1447,-3.4879,-3.4772,-4.9535,-1.216,-4.9149,-4.3938,-2.1739,-8.4583,94.12266191203071
-2.5785,-1.1684,-6.9131,-4.9812,-3.0911,-7.3185,-4.037,-6.4629,-5.0338,-6.6732,33.61798582790947
-1.488,-3.7898,-5.0899,-8.4554,-2.115,-3.2068,-2.6077,-3.3653,-5.0369,-6.6318,38.73270956943818
-3.3796,-1.5117,-5.7919,-4.1924,-4.3862,-0.64925,-1.3923,-4.6354,-4.3808,-6.5457,50.41775745274799
-7.8803,-3.2258,-6.467,-4.6257,-2.4646,-4.2067,-3.2626,2.2811,-5.023,-5.1621,50.71473687502028
-4.1744,-4.3542,-0.11307,-5.904,-5.8757,-1.3049,-2.4465,-7.0129,-6.4526,-4.2127,83.10336565902368
-2.5747,-4.7146,-2.4823,1.9055,-3.3397,-3.3492,2.8904,-0.092858,-3.7957,-4.477,8.658047225732192
-4.4932,-0.7086,-0.41895,-0.90418,-7.6658,-2.8801,-2.2462,-4.3451,-3.6844,-2.6837,90.4193219646909
-2.2304,-4.0424,-8.4802,-6.2502,-4.5048,-5.5829,-1.3638,-7.2081,-7.6038,-10.299,40.3887001932637
-4.8795,-5.1772,-4.8206,2.1026,-5.6593,-5.1165,-6.0884,-1.6093,-7.0168,-7.248,110.47504840753597
-5.4982,-6.9217,-6.0956,-1.5682,-2.2922,-3.3384,-5.23,-5.381,-4.9602,-4.0402,24.63878461218184
-7.3302,-6.3235,-5.1786,-4.9249,-6.4686,-5.3393,-8.4969,-3.6552,1.6601,-5.0859,53.85477841653536
-1.7732,-3.337,-0.32271,-2.3672,0.78137,-1.962,-2.2159,-4.2367,-2.4539,-3.1791,2.2014063552028094
-3.6038,-1.3485,-4.6263,-5.9297,-4.2604,-4.9205,-3.2601,-1.7949,-6.7216,-6.5583,84.56350533986252
-5.8049,-4.9871,-4.5525,-4.8533,-6.9254,-1.068,-6.5648,-7.0315,-5.9649,-6.3231,107.74403785644081
-1.4012,-5.289,-6.0534,2.9843,-1.0028,-9.1008,-4.7001,-5.1832,-2.5375,-8.8483,0.3410228375851361
-5.5247,-1.8231,-3.3935,-1.8153,-5.6544,-7.1685,-2.9958,-4.1592,-7.3357,0.26645,62.06746579845857
-4.8904,-2.1981,-4.4148,-9.8664,-6.0387,-4.9446,-1.8617,-6.2437,-6.5723,-4.2908,59.22516931677055
-6.085,-3.8189,0.43648,-4.5436,-3.1825,-4.5926,-8.162,-6.1857,-4.8959,-6.244,96.46062293529585
-0.56507,0.72021,-8.7946,-6.9192,-5.4855,-6.4978,-3.1065,-4.445,-4.8003,-5.3352,53.60847004619678
-4.8222,-8.624,-2.5885,-0.93833,-3.2209,-1.2628,-3.252,-2.9481,-2.3033,-4.2552,26.693221332289966
-1.9755,-1.9834,-5.9324,-4.3373,-5.8231,-0.26905,0.84807,-3.2954,0.87797,-1.9332,-0.10605709508449782
-7.2311,0.37911,-1.0138,-8.663,-5.5479,-2.7934,-6.6631,-7.1095,-0.57929,-5.482,82.2051255457268
-8.3389,-4.4835,-6.0734,-9.3631,-5.1125,-6.0433,-4.2382,-3.259,-2.0788,-6.8947,37.321878366629484
-4.3129,-2.9398,-0.95216,-1.2402,-5.8006,-5.0143,-3.3182,-3.8663,-3.5134,-3.5887,69.07076316128274
-5.026,-3.7437,-2.8438,-3.588,-5.3433,-3.4641,-4.1846,1.2603,-1.3318,-3.555,70.86493596042591
-3.8539,-4.1766,-1.1663,-0.78256,-3.4155,-2.6922,-4.8723,-7.3599,-3.2826,1.1231,31.120109289495474
-5.4895,-0.40079,-4.1676,-3.5557,0.95919,-8.7051,-5.6173,-5.5728,-2.8997,-10.228,16.64042999328423
-7.4401,-5.5656,-5.263,-3.6856,-3.8381,-2.235,-9.3838,-11.13,-2.6826,-4.2308,45.280750380346944
-4.4467,-6.342,-8.7159,-8.4416,-5.173,-6.9117,-0.38724,-5.9406,-3.6402,-3.0703,-23.381013194408574
-2.4316,-7.2331,-9.0742,2.59,-6.4878,-4.2867,-1.1384,-2.5455,-4.0316,-1.3517,12.225317383147337
-6.7881,-3.7437,-1.9015,-2.3871,-8.0094,-4.1583,-9.2311,-0.54179,-5.4882,-4.8993,163.82051083372295
-3.1481,-4.5799,-4.2594,-7.6083,-5.6445,-2.7334,-8.0065,-1.407,-1.3541,-1.6201,83.96522363022927
-3.2515,0.91924,-4.7491,-9.2318,-1.4775,-2.0692,-3.109,-9.3987,-4.0174,-3.4446,13.695180724922153
-1.3639,-5.5033,-8.6975,-2.7146,-2.4642,-4.2647,-1.9179,-0.62846,-5.0395,-3.5047,11.860641903901795
-3.9596,-6.2883,-2.8871,-10.439,-8.4981,-2.5969,-7.2065,-5.9933,-5.2785,-4.062,120.08891131684535
-1.2274,-1.6316,-3.0313,-3.5781,-1.892,-5.1965,-0.12526,-2.8317,-6.7721,-2.7212,27.755595431182535
-4.3053,-5.3327,-4.2389,-3.9789,-2.0891,-7.3925,-2.6904,-13.642,-1.2815,-3.774,-56.01745019835955
-4.7979,-7.1147,-5.7398,-0.9229,-0.18013,-2.3868,-3.8415,-5.0193,-9.5296,-4.8077,33.52878007994124
-7.318,-7.3422,-4.9875,-2.2174,-5.4101,-4.6921,-3.0228,-3.8656,-5.0901,-6.2092,46.66203121530828
-1.2604,-6.9013,-1.2888,-1.7686,-1.4999,-3.1683,-6.1813,-8.7258,-2.3119,-1.9499,13.625774467231318
-4.2596,-1.9561,-5.2418,-5.9799,-3.0699,-2.393,-5.7515,-3.9071,-1.1122,-3.7002,39.97747587830101
-5.2331,-9.6768,-0.34119,-7.4853,-4.6586,-7.6517,-4.1765,-3.2919,1.0562,-1.0921,-1.4910255854220469
-5.8411,-8.115,-5.8296,-4.1061,-5.1715,-2.5725,-5.7493,-3.1489,-3.7378,-4.8612,58.750658061513114
-7.629,-2.8669,-5.1872,-2.2191,-5.6476,-0.29163,-4.8894,-4.2969,-2.9518,-5.9959,75.51168755030214
-5.9206,-7.442,-3.7776,-4.1177,-1.0571,-6.4549,-3.3656,-2.8227,-6.2981,-6.6471,23.961990223804982
-1.5146,-5.9374,-7.0905,-5.9667,-2.6335,-7.3828,-6.5798,-4.1806,-6.0423,-6.4794,50.44228355177546
-2.8113,-8.9581,-6.0763,-10.628,-4.627,-5.2294,-4.5871,-5.187,-3.7093,-8.7454,38.963191416482815
-4.0967,-3.6286,-5.5866,-6.7392,-1.23,-10.336,-3.3634,-1.881,-0.74813,-4.1016,-22.767812813601985
-1.4016,-6.7131,-11.556,-7.7914,-4.5457,-1.2539,-1.9607,-5.5728,-7.926,-5.5557,30.5744333135528
-7.1271,-9.6686,-6.5001,-1.6678,-6.8841,-9.3543,-2.056,-4.4653,-4.8074,-3.0798,8.283571980080989
-2.9853,-3.8189,-5.9163,-5.8921,-5.0551,-3.0515,-3.0741,-3.3084,-3.4233,-5.87,51.79135625541217
-8.2353,-6.5681,-5.086,-8.513,-6.0372,-2.4906,-7.9948,-4.2625,-2.8192,-4.3816,79.22526185178238
0.91092,-5.0498,-2.8662,0.8028,-3.8435,-5.003,-2.4402,0.16387,-3.7566,-2.867,49.63686264235959
-4.1839,-0.30469,-0.819,-1.6802,-7.7866,-2.3875,-6.0716,-1.5968,-2.7329,-4.4541,135.87525648465635
-5.3372,-6.7548,-2.8036,-3.1892,-4.2763,-2.3484,-5.2699,-2.7477,-4.2328,-6.3286,75.78319561757485
-2.0873,-5.7298,-8.3498,-3.0507,-8.456,-5.7457,-6.649,-1.1546,-5.0408,-3.4112,100.67145965991594
-1.2086,-3.009,-7.6282,-5.5065,-5.7412,-3.6481,-4.6361,-5.5143,-9.7117,-6.245,102.17034383723855
-1.9555,-3.0274,-4.7112,-6.1715,-3.6447,-4.3499,-1.0989,-3.451,-3.2768,2.5029,-2.0233092795441188
-5.4272,-7.0072,-4.9261,-4.5225,-3.8699,-6.0853,-4.2755,-3.3299,-5.3856,-6.3739,46.78427496297238
-2.449,-9.2164,-4.6735,-3.599,1.1134,-3.0968,-2.3485,-5.5481,-7.0709,-7.5727,-2.8628431330212125
-0.12692,-2.6893,-3.8948,-5.3956,-7.402,-3.5998,-6.6815,-5.0121,-3.4326,-3.2295,103.17831020722093
-3.1648,-4.4187,-3.4914,-1.5986,-2.4604,-0.62852,-6.2113,-2.2865,-8.0992,-0.71352,89.82665121996392
-3.1779,-6.7634,-1.2321,-1.537,-4.9915,0.3976,-1.797,-4.2748,-3.5167,-3.5145,51.27474178516364
-8.699,-10.427,-2.3808,-7.179,-6.2777,-0.65478,-3.3717,-0.36247,-6.2723,-4.1658,86.15423583779415
-9.0671,-1.9608,0.9448,-3.192,-11.366,-1.8627,-5.0417,-4.0036,-5.5838,-5.1157,170.79553361720562
-4.2404,-6.7819,-9.2173,-4.9495,-1.9097,-2.5907,-5.1154,-2.7966,-7.4381,-10.018,57.91892255464636
-5.3743,-1.6261,-2.9327,-2.3414,-5.1354,-5.0241,-2.0201,-1.1803,-5.3374,-4.0512,71.32491164216617
-6.8893,-8.6755,-6.3579,-2.021,-5.113,-9.7055,-6.7565,-6.5077,-4.3722,-5.0063,29.352829790946924
-1.2886,-3.8602,-5.9069,0.37126,-5.0888,-2.4032,-3.3834,-5.0161,-7.4527,-4.7885,76.02420580347649
-5.1361,-5.8645,-7.2354,-0.62506,-4.662,-5.0581,-5.1526,-5.5885,-3.295,-1.2372,18.079823799144023
-4.2787,-5.0283,-1.2894,-4.2235,-8.3805,-6.1953,-4.3592,-2.4312,-3.3854,-6.1708,103.3233325769559
-3.0571,-5.7823,-7.3168,-3.8803,-3.4493,-5.6299,-5.9286,-4.9925,-5.8197,-4.0558,43.0177330260106
-3.9461,-2.8802,-3.3892,-4.4251,-6.6723,0.99573,-7.1122,-3.7779,-7.9906,0.2975,136.64575855677802
-6.6625,-6.6795,-9.7003,-2.2292,-6.1466,-6.5296,-5.9417,-6.2456,-3.042,-6.3656,30.80127011993415
-5.0178,-7.3646,-6.0353,2.4962,1.085,-4.9204,-0.010293,-2.443,-4.3718,-8.0194,-35.51329896090397
-3.5788,-4.5589,-4.9477,-3.8177,-2.673,-5.916,-2.4684,-5.5311,-4.4685,-6.3274,15.93645875491017
-6.3561,-4.2648,-6.7136,-2.0176,-5.5973,-4.6298,-4.1496,-1.652,0.94186,-5.4764,27.1173947122511
-3.9398,-6.4773,-2.2612,-3.2551,-0.036592,-2.5003,-3.2941,-5.6292,-3.5976,-5.6609,5.5451953759677695
-3.3674,-7.2522,-5.3088,-6.1023,-5.6472,-5.0409,-2.8104,-4.3867,-3.3722,-4.7604,30.89957339744483
-4.4117,-5.1568,-4.9498,-7.4642,-1.5079,-5.6915,-3.3893,-0.48839,-3.3074,-3.5689,13.890212478341917
-4.174,-3.9054,-2.0271,-3.8884,-2.2338,-6.7749,-3.4686,-1.9672,-1.3453,-4.6749,19.798583160719282
-4.428,-4.4904,-7.3965,-1.6411,-3.7609,-8.7638,-6.2261,-2.6251,-4.0953,-7.0867,48.63536706848672
-6.5056,-2.5102,-4.5858,2.9363,0.94711,-2.0348,-1.36,-5.4556,-10.934,-7.2208,38.09835564024563
-3.8972,-7.9253,-7.1382,-3.6608,-0.38157,-0.81581,-5.4507,-6.6951,-4.4275,-3.0591,-1.7824303578796212
-4.9281,0.12297,-0.098616,-1.5814,-0.11504,-1.3833,-2.4631,-2.6809,-4.7842,-5.0656,52.20579263368545
-6.8795,-6.5257,-3.1441,-4.5976,0.6486,-5.3472,-0.50969,-6.548,-5.2997,-5.7686,-32.657839130716035
-3.0119,-2.3164,-4.0854,-4.0518,-5.1687,-3.0819,0.33509,-5.9558,-1.8952,-4.0073,10.059082998709187
-3.5814,-0.1837,-3.1576,-2.6209,-8.4552,-1.8514,-5.449,0.005709,-0.30303,-1.5876,109.5137954954759
-3.9633,0.018508,-5.8246,-2.7382,-8.2876,-6.8134,-6.5291,-0.93759,-7.8154,-3.5625,144.00466193911225
0.67471,-4.723,-5.5792,-1.5845,-5.8105,-2.8266,-1.8092,-0.31007,-1.3451,-6.5803,52.14021631979473
-6.9738,-4.0985,-3.7422,-4.5315,-5.9166,-6.9212,-5.9016,-3.4738,-8.5496,-3.4784,102.28555166551465
-1.1629,-6.587,-2.2509,-4.6356,-4.1978,-5.6775,-5.2831,-3.2561,-8.3859,-3.4579,89.75058369792266
-2.7306,-7.4442,-3.3055,-2.6418,-5.3394,-4.8903,-5.4456,-1.9116,-6.2779,-3.2562,85.0125548733101
-4.3138,-5.6701,-3.6056,0.62339,-3.4023,-4.4218,-7.3902,-4.5339,-4.3853,-8.6604,81.36208475166843
-8.1476,-3.4483,-4.4754,-4.3987,-8.035,-2.0304,-5.6113,-6.3833,-6.3965,-3.3754,105.68668748300684
-0.086845,3.498,-4.9789,-1.717,-8.4514,-0.15496,-0.014827,-3.7703,-4.3446,-10.281,119.21388854373448
-4.7309,-6.8887,-6.2629,-6.618,-6.0528,-6.4661,-9.0753,-1.2272,-8.0951,-2.7935,117.17858967948382
-6.333,-2.4631,-1.6986,-6.56,-8.0084,-10.648,-3.1554,-2.071,-0.90274,-3.0388,53.72073079059956
-4.9374,-2.3491,-0.91436,-5.6943,-7.354,-2.4821,-5.7238,-3.95,-8.6692,-3.8822,149.72027260955628
-1.5243,-4.0096,-6.5065,-3.3906,-2.5258,-4.6144,-5.6802,2.2838,-6.5991,-4.1005,82.58927546626454
-2.8054,-5.2652,-7.5273,-3.5555,-9.4667,-6.3829,-8.095,-2.0761,-6.2309,-2.4068,125.84319498973808
-2.7435,-3.3778,-4.1761,-7.7422,-6.4945,-6.7954,-6.4572,-1.5678,0.0042597,-4.1599,69.3286392809671
-4.3023,-2.1141,-8.0808,-4.8405,-2.5741,-1.3184,-8.5732,-0.97376,-4.0798,-3.4273,80.72598432632125
-1.7594,-6.6845,-3.5884,-2.7303,-5.4617,-0.092294,-2.2884,-4.8609,-2.8077,1.3291,26.379544938711447
-6.8171,-5.711,-4.9658,-5.0694,-5.7437,-4.4536,-5.5257,-3.1208,-8.6616,-5.1879,102.34284785843988
-0.85231,-2.957,-9.5442,-1.08,-4.771,-2.4886,-2.4595,-5.4079,-4.9316,-6.08,37.376296921242165
-5.064,-8.0126,-3.1163,-1.7102,-8.9032,-5.2089,-5.047,-4.2104,-8.6139,-4.275,120.3569197324683
-3.4535,-3.2626,-2.1946,-2.1907,-6.1582,-3.5684,-4.3946,-3.38,-2.7493,-6.7893,87.74676578568244
-6.4307,-6.7305,0.53231,-3.1919,-0.27914,-0.58415,-4.0715,-5.7056,-4.2277,-5.7556,33.520161896589656
-7.835,-1.5458,-5.8575,-1.6236,-0.27051,-4.3972,-5.3924,-1.2929,-5.1853,-6.8374,47.58613615679911
-4.5425,-6.1984,-8.9875,-4.2998,-6.0732,-1.9554,-7.1648,-6.8985,-3.7661,-6.5178,65.3132973794123
-5.5604,-7.2785,-3.0526,-4.5248,-8.5912,-3.197,-10.388,-4.2873,-4.2466,-5.8055,145.40422298185354
-7.4983,-1.8224,0.47723,-5.0519,-1.4702,-4.9206,-6.8288,-6.6487,-2.8216,-8.8041,65.59280758724074
-4.2195,-3.7561,-5.3338,-3.8826,-9.4227,-2.0177,-4.0542,-4.4906,-1.9962,-5.8944,91.14514564150161
-6.2914,-5.8678,-2.5969,-7.7996,-3.8664,-4.3422,-4.0081,-2.903,-9.2829,-3.9585,84.1395106518406
-4.815,-6.6912,-5.2724,-4.5706,-0.77559,-0.74427,-2.8507,-2.9067,-2.8728,-6.082,6.615153328401632
-1.6555,-2.6365,-2.4301,-6.1821,-5.7892,-0.5534,-7.2443,-6.3309,-1.8994,-1.7844,86.74362089980242
-3.4723,-2.5884,-3.9108,-2.8543,-2.7851,-5.325,-7.7161,-0.6233,-7.512,-5.2549,112.09539753369636
-5.7524,-5.1703,-3.9072,-1.151,-0.65528,-6.5016,-6.7498,-5.0907,-6.7866,-2.4868,36.2179713943682
-4.336,-7.2565,-9.8157,-2.9474,-1.9507,0.44931,-7.8301,-4.0139,-4.9509,-6.1277,51.314862127254045
-5.4237,-5.9146,-4.5358,-6.2612,-6.1434,-3.168,-6.4025,-7.2487,-3.1546,-3.3087,59.37093616012644
-8.3608,-5.53,-4.6777,-1.8918,-5.285,-7.0686,-4.4612,-5.1734,-7.0999,-2.5538,52.878959698578164
-6.2601,-4.5906,-5.8608,-6.8749,-5.3861,-5.7804,-2.6198,-9.1257,-5.098,-1.4468,9.047963441439672
-6.5207,-5.3015,-4.5838,-4.4288,-4.4164,-5.4285,-6.1758,-4.2462,-6.6928,-5.2879,77.8202187010916
-2.2746,-6.4311,-7.738,-2.8894,-6.3935,-4.5843,-6.0693,-5.6722,-8.9556,-7.2467,101.42331239541193
-3.7872,-2.8084,-6.272,-8.2215,-6.3615,-5.3331,-1.7983,-3.7388,-0.99509,-4.6384,24.333524421824837
-8.7976,-6.2162,-5.5899,-7.7979,-1.2431,-6.5304,-3.4476,-10.321,-8.0326,-4.4594,-7.256111745344352
-8.549,0.45213,-4.7472,-8.9808,-9.6801,-2.8081,-7.6383,-5.9753,-3.4775,-3.258,128.28053935853214
-5.94,-5.424,-3.4114,-8.2975,-4.7974,-5.095,-6.8715,-5.2617,0.9867,-6.9785,42.251337654861665
-4.3945,-10.435,-4.6404,-4.7586,-2.3853,-8.989,-0.77041,-5.8155,-2.9929,-1.8736,-56.42483310419083
-1.9145,-5.3446,-4.5934,-6.7991,-4.4308,-2.1677,-2.2763,-1.7862,-5.0867,-6.1364,62.737927450827975
-7.4008,1.1642,-4.1606,-4.8455,-4.9089,-4.0696,-4.9405,-5.9269,-3.8293,-4.359,69.52640032923469
-4.1331,-3.9559,-2.9114,-6.6918,-3.4071,-2.486,-7.9621,-5.8964,-6.2748,-7.0941,104.01493942143044
-2.3891,-7.2128,-5.6921,-6.4393,-6.8182,-4.5327,-3.3931,-2.5802,2.8323,-3.4196,8.165078358320805
-0.81479,-3.1053,-8.5514,-5.4878,-2.0481,1.4552,-2.5773,-2.8702,-5.357,-5.1749,39.778708035078516
-1.2359,-2.306,-5.4906,-3.0935,-8.4924,-4.5179,-6.1534,-0.46226,-4.6542,-4.9881,131.6347895517694
-5.3865,-5.9905,-5.2297,-8.899,-7.2824,-3.6303,-1.2358,-4.6145,-3.8873,-4.5294,41.68498175801471
-1.3545,-8.6313,-4.6202,-0.79834,-4.2361,-2.9869,-1.7746,-2.5515,-7.527,-2.9618,46.69908493849054
-7.1664,-5.8452,-5.4497,0.02161,-5.3603,0.51771,-3.5568,-5.1766,-3.9406,-7.1304,60.29390483635488
-5.1089,-1.604,-0.20298,-0.2732,-4.4331,-4.6326,-1.4395,-1.7763,-6.0248,-7.0549,85.90440936655763
-6.3201,-2.7937,-3.6605,-6.9944,-5.5879,-3.3597,-4.6191,-6.0232,-3.1129,-2.4747,53.939868719525286
-8.0842,-7.4082,-4.2749,-3.0452,-1.2132,-7.117,-6.7848,-5.0413,0.72875,0.097682,-32.4848840001726
-4.327,-0.72426,-6.2804,1.6553,-4.5807,-3.951,-4.4415,-4.7032,-1.7326,-2.97,36.06421770754228
-3.0998,-3.3738,-4.5285,-5.8148,-3.4735,-2.3221,-7.0777,-0.84328,-2.9059,-5.079,84.52197796682891
-3.8174,-5.5716,-4.9197,-4.4163,-5.9506,-1.969,-6.1596,-0.48763,-2.9317,-2.277,83.45788631652877
-1.9151,-5.0657,-8.2142,-5.9651,-3.547,-8.011,-1.2267,-3.1007,-6.0787,-3.2654,3.6444656409241047
-6.1553,-6.0914,-4.0019,-5.2441,-12.126,-4.8184,-2.9387,-4.4974,-7.3937,-2.949,121.40276708939216
-0.97494,-6.1442,-4.303,-6.5216,-5.3184,-4.4816,-6.2259,-3.5831,-3.7286,-8.8411,88.67956921913269
-5.6751,-4.1709,0.52417,-2.9093,-8.093,-1.5756,-2.9371,-2.6328,-3.6173,-3.9788,106.44720270711346
-3.7071,-4.9732,-3.6987,-7.6474,-2.8907,-1.5316,-5.5511,-4.5555,-6.1834,-3.968,70.058358037338
-0.62857,-3.0261,-3.4675,-0.28593,-3.2281,-0.92137,-9.4655,-4.7804,-5.8426,-4.3792,117.44122763329237
-5.9736,-3.5637,-5.9885,-3.3723,-4.9406,-7.353,-8.3773,-6.4301,-3.9229,-6.1229,70.05137853994611
-4.5846,-3.9743,-5.1573,-4.8571,-4.9605,-1.1086,-0.71441,-6.8697,0.52903,-5.5448,-4.453055346024103
-5.9967,0.34442,-4.7314,-9.2847,-7.1462,-3.5263,-1.1976,-2.8066,-1.395,-3.1307,49.0631860762696
-4.1022,-8.9115,-6.1935,-3.3499,-6.1357,-9.67,-2.4379,-2.4644,-3.2693,-1.9897,5.064713173186998
-2.0569,0.13944,-4.7218,-4.8735,-5.5304,-5.3493,-0.14264,-1.2642,-1.8905,-1.2714,26.957607851281644
-1.8754,-4.787,-9.8772,-2.1887,-2.7018,-6.0505,-7.3069,-3.7084,-6.723,-4.3597,52.04604739029041
-4.6946,-8.0933,-5.7672,-8.4285,-5.0484,-5.9301,-5.9267,-4.5034,-3.8066,-6.5318,50.40710976099682
-6.4646,-2.0106,-2.8706,-6.4095,-1.8386,-7.7448,-8.1166,-1.3725,-6.2137,-4.8558,88.51794674326415
-6.2152,-2.1744,-7.7866,-5.1384,-4.235,-4.4199,-6.9158,-3.0168,-4.4693,-6.8397,76.80655390131766
-3.15,-3.174,-5.0237,-8.7973,-5.312,0.7918,-3.8322,0.58926,-6.1816,-3.818,107.0776121119688
-3.056,-6.2972,-8.8523,-2.1571,-7.0718,-7.6764,-2.1093,-6.4304,-3.2535,-6.825,15.402792681714809
-7.9693,-2.3368,-3.5794,-0.64747,-2.0738,-4.1432,-4.0721,-6.5863,-2.4779,-5.1599,15.917223686145194
-2.3713,-3.2667,-9.1734,-8.4818,-3.9664,-6.9235,-8.0414,-1.7108,-3.9851,-7.1635,73.54033476281028
-2.5484,0.0041049,-4.4662,-1.7915,-5.2506,-6.3146,-7.8519,1.3251,-4.4318,-4.7569,125.77878494092779
-2.3509,-5.5959,-4.6762,-9.0566,-11.806,-3.2475,-3.6036,-1.9267,-2.0892,-4.159,110.12547903374924
-2.2366,-5.3167,1.6724,-5.4261,-7.4726,-4.1614,-3.5445,-7.9026,-5.1581,-3.4701,89.9307283477879
-6.8209,-6.6584,-3.8753,-4.1316,-1.5687,-6.6203,-3.2361,-6.5695,-0.99373,-1.1902,-41.63550165913508
-3.3231,-6.1144,-0.9356,-2.723,-4.6159,-5.8999,-0.7976,-7.1211,-3.8141,-3.8192,14.060608432783276
-4.1949,-2.9241,-4.4592,-2.8802,-7.3925,-3.256,-2.2441,1.8673,-3.3042,-1.7663,81.28026257995406
-2.6177,-2.9937,-3.3039,-2.6948,-2.8484,-8.0006,-7.8908,-2.3521,-6.757,-1.6534,83.8428857753933
-1.7187,-5.4742,-5.0304,-4.5803,-0.47871,-5.4187,-9.5614,-1.8754,-1.1539,-7.4512,50.91355106611769
-3.7334,-5.9039,-1.8193,0.38816,-6.0736,-5.8054,0.81541,-3.6766,-2.6614,-8.3082,31.665002598382266
-4.2164,-4.8526,-6.6308,-0.32168,-0.2046,-3.258,-3.5758,1.2777,-3.1534,1.2125,-4.9269410556419215
-4.8475,-2.8265,-3.5032,-4.227,-4.2963,-4.3708,-4.515,-3.2795,-3.1762,-6.1927,64.01664615189405
-5.0713,-2.0166,-5.813,-1.0918,-3.6759,-6.6463,-1.9447,-2.1107,-2.8891,-2.7781,12.978433242425256
-7.2042,-6.5664,-6.2925,-8.3299,-3.183,1.1331,-4.4943,-5.2674,-7.204,-1.6772,47.5672774715228
-1.5334,-9.2462,-9.0473,-4.0161,-5.9309,-8.1117,-9.7402,-2.2927,-0.010511,-5.581,48.689189620922434
0.2001,-8.0079,-4.3481,-4.0724,-5.5346,-5.167,-2.5958,-2.5624,-7.405,-3.1334,63.74708308616273
-4.3596,-6.1776,-5.5624,-8.207,-4.7378,-6.5886,-3.8108,-5.9083,-7.8463,-1.4342,40.903884459354764
-6.1387,3.9738,-4.3851,-3.9537,-7.6231,-7.7714,-6.1081,-4.7871,-3.9342,-6.0295,114.22826510913482
-7.607,-6.8742,-6.4604,-8.807,-1.6081,-8.3074,-8.2632,-0.24719,-5.3468,-3.666,46.231647839964594
-4.4808,-0.64551,-2.2509,-1.5787,-4.554,-0.55495,-3.0829,-7.3481,-5.9815,-3.4881,73.96215254702668
-9.5467,-3.6192,-7.5492,-1.0764,-1.0825,-3.8478,-2.7214,-3.082,-6.7731,-0.16369,-0.40287972008850137
-1.922,-1.0576,-7.0334,-4.6857,-8.8595,-1.9504,-3.3145,-5.3254,-0.26198,-5.6332,67.85533983839022
-5.4928,-4.8597,-6.6248,-4.7107,-4.9414,-3.0364,-7.2839,-4.2163,-1.7959,-3.8588,54.847003892955804
-3.4485,-4.7015,-5.6001,-8.2399,-7.0541,-2.6316,-6.0746,-5.2124,-3.3515,-3.3901,78.5431220906198
-5.5592,-3.0991,-4.4213,-7.5204,-3.6562,-6.3361,-7.7583,-5.3825,-1.6432,-5.6665,52.18682242488988
-4.7903,-2.9525,-5.3444,-4.4029,0.94086,-4.5069,-1.0834,-3.5617,-3.8714,-8.2032,-12.815154148400785
-2.4506,-1.8733,-5.9521,-4.3115,-1.0976,-5.5839,-2.7947,-3.6876,-1.8728,-5.394,-2.5996812520293786
-4.6984,-3.6169,-1.4657,-3.1289,-3.0901,-5.222,-7.8211,-7.1263,-4.571,-8.2847,85.17791538818265
-7.9033,-0.98897,-3.6774,-2.5316,0.7453,-2.5557,-7.6294,-10.004,-8.0095,-2.7045,44.703932474380736
-4.8781,-4.9278,-5.0864,-3.2144,-5.5677,-4.901,-6.5125,-2.3432,-2.1598,-1.6011,58.454579342319455
-1.4125,-2.6661,-3.2941,-1.5365,-2.3774,-7.4941,-6.9849,-3.9111,-2.6397,-4.2947,49.94319983226789
-7.6766,-8.6206,-7.3151,-6.2631,-5.3281,-0.21972,-5.1489,-3.3096,-2.7846,0.0038383,28.77681664449146
-4.8503,-4.9871,-4.1126,-3.5391,-3.4178,-7.3403,-4.4778,-3.8936,-6.8794,-2.0579,45.36389097610167
-1.0499,-4.6504,-0.22598,-1.2882,-1.4015,-5.2747,-3.2768,-4.8702,-3.3055,-1.613,15.856831576518468
-6.1031,-2.0228,-1.275,-6.6412,-3.2266,-4.9479,-8.0118,-2.3905,-3.4089,-4.9088,93.76943490482515
-2.7435,-4.9823,-4.2384,-2.2043,-3.5248,-1.3243,-4.1361,-3.5866,-5.4454,-6.4061,70.36372856169831
-9.4149,-2.9071,-0.95799,-5.1169,-5.6298,-8.4503,-6.3775,-6.1677,-2.7842,-9.2653,80.50960824793282
-4.1783,-2.8761,-1.973,-6.1316,-6.5965,-8.9022,-8.6314,-3.6074,-1.522,-3.6171,92.00407395694428
-5.0417,-5.4818,-2.2282,-2.9097,-8.0113,-3.1739,-2.9308,-0.41443,-1.2266,-0.30872,64.8136150206957
-5.1155,-6.8441,1.1285,-4.4073,-6.4471,-3.4431,-3.9819,-6.1828,-7.4909,-3.4163,98.30053261639712
-5.9135,-4.887,-8.3882,-4.0672,-3.2099,-7.1122,-5.2748,-7.9912,-8.0947,-0.51883,17.241065264950045
-1.2152,-3.6553,-6.0983,-5.6044,-7.7828,-2.8459,-1.3378,-4.5654,-3.5725,-2.0135,48.53850341573862
-9.6112,-5.9309,-6.6944,-8.3369,-8.1425,-4.2091,-6.2636,-5.6345,-4.4428,-2.2949,70.85780660072957
-1.6884,-6.2158,-3.3842,-6.3898,-4.3264,-7.2633,-4.6954,-4.8002,-7.095,-2.6643,58.61083026640352
-5.3814,-9.6896,-4.1336,-3.4065,-3.5491,-6.8968,-6.7363,-1.7257,-3.0363,-0.64854,27.97375444418545
-4.1687,-2.3012,-3.5282,-7.2241,-2.6766,0.40082,-2.8462,-5.6999,-5.0493,-3.8267,47.762782333605905
-2.027,-5.7505,-0.61193,-8.4703,-1.9619,-5.4449,-5.4416,-3.2711,-4.0968,-3.0465,48.834769250888385
-1.9986,-6.8721,-3.6615,-4.5526,-1.9692,-3.6549,-3.485,-1.3488,-0.84313,-6.3184,16.91551032134154
-4.0336,-4.385,-9.6895,-1.1539,-2.7528,-3.3949,-6.4117,-8.035,-5.2863,-1.0971,14.579893381906096
-2.5518,-7.7839,-2.2053,-7.0035,-8.1335,-2.9311,-1.4854,-6.1767,-4.6208,-2.4367,56.67163431661669
-5.3763,-4.2357,-5.2985,-0.8094,-5.1083,-2.3931,-5.2621,-3.5181,-5.4731,-4.5616,80.25055899305882
-8.9736,-5.9356,-4.0748,-4.1024,-6.5968,-3.6495,-3.6211,-9.245,-4.0733,-8.6058,51.879131248861775
-4.7984,-6.3298,-5.1336,-1.7759,-6.5412,-5.4978,-6.4498,-5.8813,-4.5539,-4.3618,71.40004307685527
-6.2072,-7.112,0.43131,-2.666,-6.8496,-6.9931,2.7294,-3.3279,-2.4718,-4.2622,8.987252345215541
-4.9332,-1.6412,-0.91413,-4.2301,-9.3036,-0.37345,-5.7796,-2.2576,-2.077,-0.85165,129.09916770376086
-5.8624,-2.3402,-0.92055,-4.8111,-2.592,-5.5376,-0.56245,-4.7548,-0.47694,-7.3564,2.275985182729416
-7.8251,-4.3856,-2.4792,-6.5675,1.8248,-1.2117,-3.3576,-6.9836,-5.9844,-1.9422,-7.037176076190073
-1.1765,-0.49919,0.57101,-0.51877,-1.6375,-7.7585,-5.092,-3.2743,-2.7997,-5.7008,59.53576310854699
-3.9695,-6.2454,-2.8388,-5.345,-3.9923,-0.69217,-4.0545,-4.8778,-2.2608,-3.5593,39.990305535342
-1.3,-4.0236,-7.3573,-10.311,-6.0354,-3.322,-4.7543,-2.2204,-3.3829,-4.6707,69.197434077802
-5.5781,-6.3636,-5.7045,-3.8748,-6.7502,-5.5606,-4.1301,-3.4765,-2.5269,-1.0746,35.0367372073753
0.96077,-6.6013,-3.4184,-5.7361,-3.6955,-3.2149,-9.3231,-9.1372,-6.7371,-12.164,117.06100078111979
-7.0496,-5.3638,-6.1189,-8.5784,-5.4696,-4.6387,-1.9837,-6.2536,-2.8518,-4.1532,8.756030409887217
-4.1113,-1.8983,2.1097,-1.3764,-2.2705,-7.5239,-1.0562,-3.0125,-8.6059,0.03703,53.105221445719486
-5.257,-2.9242,-3.9771,-4.8157,0.14754,-4.632,-2.8401,-3.3334,-4.8279,-5.2761,12.541807849486263
-5.0993,-6.5473,-4.1594,-4.1076,-2.5899,-5.1967,-4.6838,-4.9924,-7.0394,-6.5507,51.67821990077405
-2.081,-3.8346,-4.7594,-5.6829,-4.5329,0.87916,-4.9918,-2.7074,-4.8857,-3.8153,87.58842265425389
-4.528,-4.8255,-2.5196,-5.0103,-1.8352,-7.1557,-7.0447,1.6158,-3.6398,-2.0528,61.04002944032563
-5.6461,-8.0461,-7.3773,-4.0975,-8.4456,-7.4258,-2.1162,-2.5918,-0.91264,-7.3944,28.121931160710417
-3.0411,-8.4091,-2.3134,-6.6687,-6.9998,-2.0132,-4.1548,-4.2446,-6.1156,-2.4181,86.30935732505797
-3.7448,-2.6105,-7.6326,-4.532,-3.0148,-8.9164,-7.2963,1.5455,-1.1396,-5.2607,47.05706613894041
-6.1558,-6.9653,-6.8505,-10.419,-2.3509,-1.0675,-5.8873,-3.6628,-6.6873,-0.44592,40.68346447000626
0.75461,-2.3132,-2.7394,-2.7214,-6.3225,-12.289,-7.2369,-4.7401,-4.3273,-3.2392,85.1359031491717
-7.4569,-4.3986,-2.5239,-3.9567,0.50639,-5.163,-5.3549,-6.2654,-6.0982,-7.1238,30.34799621678437
-6.4784,-2.3613,-3.6363,-2.3376,-3.5542,-2.0731,-8.4975,-2.9913,-0.67431,-7.1028,83.78155529270741
-4.0823,-0.56353,-6.4363,-5.6318,-5.2459,-5.6458,-3.6926,-5.1913,-5.819,-5.2208,64.52040386203713
-2.0987,-5.8204,-1.921,-0.91061,-4.2561,-0.68201,-3.9457,-3.4758,-1.3335,-4.4233,51.605746260353534
-9.1356,-1.288,-3.6248,-7.051,-2.7709,-5.4772,-3.3595,-1.4675,-7.1461,-2.6482,59.07231971034435
-4.6043,-5.4027,-7.8217,-3.8571,-9.3796,-5.115,-4.1823,0.093936,-0.49543,-4.7878,69.34919441763526
-1.396,-2.8925,-6.7667,-5.2037,-6.4287,-5.712,-3.3685,-4.7248,-5.6545,-5.09,66.89468014639021
-8.2168,-3.0607,-10.372,-1.3927,-4.7727,-3.9068,-1.2963,-4.4418,-3.047,-3.0507,-9.027046719073956
-1.4251,-7.6212,-7.2048,-4.8764,-5.6796,-2.811,-1.4768,-9.7225,-1.01,-0.36116,-33.053446481234374
-5.1405,-7.9259,-4.0145,-1.8275,-1.0624,-3.0702,-4.2346,-6.8661,-5.0875,-6.0744,13.500909330293457
-2.8548,0.94639,-6.8904,-5.5564,-6.1188,-3.1386,2.6042,-5.4313,-3.1511,-6.8164,18.429638234152645
-6.446,-10.196,0.46532,-3.5011,-6.4149,0.70442,-7.6792,-4.6112,-5.035,-4.035,117.86692424136406
-6.1608,-3.9691,-2.3397,-3.201,-1.2467,-5.6265,-4.1499,-5.6142,-10.68,-3.9059,62.79041398151803
-4.3451,-7.0981,-8.7565,-5.1067,-3.1215,-3.293,-2.9643,-2.6222,-6.0651,-10.347,42.11286347176423
-6.324,-3.6377,-0.247,-3.5726,-6.7847,-6.2062,-7.3796,-5.0917,-0.051669,-7.9229,92.45957687814098
-6.1044,-2.5646,-4.0188,-3.4483,2.3054,-3.8823,-3.4676,-3.5167,-5.965,-2.7067,-1.296134666809116
-5.0845,-7.5168,-4.8314,-7.8288,-2.5704,-5.2453,-4.9242,-2.3711,-5.2698,-2.7544,32.954105565417095
-7.4879,-4.4152,-7.9074,-2.7784,-5.2575,-5.3375,-2.2136,-4.3473,-2.1205,-2.3359,-2.1675186073361132
-6.4786,-3.5509,-1.7896,-2.1897,-8.4866,-2.6801,-5.1905,-5.2272,-5.714,-4.1838,120.70102472942006
0.058935,-4.6318,-4.7649,-6.6227,-3.7577,2.0096,-3.4378,-4.3068,-6.2789,-6.1814,81.50147472932036
-5.9455,-0.7812,-5.7932,0.6094,-2.6053,-3.6161,-2.9793,-2.4558,-2.9917,-1.7512,20.312486091475435
-1.8635,-4.7879,-4.5408,-2.4603,-6.9184,-4.6555,-5.1308,-5.285,-8.1348,-2.3605,98.59579876113774
-3.944,-3.0196,-4.116,-8.2083,-3.0041,-4.3171,-2.3721,0.027665,-4.4102,-0.20432,33.97443891959061
-4.9999,-1.1418,-2.5123,-4.4651,-6.6308,-5.8708,-5.379,-5.8628,-8.4551,-2.1299,110.94146897778192
-3.7299,-1.9588,-6.1777,-5.064,-5.9653,-5.8027,-5.0061,-7.066,-0.62207,-2.5705,26.35858598908032
-4.2097,-3.8965,-3.7075,-7.9046,-7.5677,-5.8539,-5.8713,-4.0716,-2.4409,-3.7128,81.18637245209638
-6.0287,-6.9683,-2.5158,-3.7196,-5.0987,-1.6477,-4.7507,-2.0815,-6.4631,0.17924,77.83923410537972
-3.9218,-6.6573,-5.9779,-0.04915,-7.864,-6.5471,-3.1558,-0.50038,-6.3522,-2.754,77.99583116735579
-1.0234,-4.1391,-6.1592,-0.3908,-3.7013,-5.0063,-6.6565,-6.8961,-4.6787,-1.3421,42.09102908612753
-2.6229,-1.4079,-3.8145,-6.3055,-2.61,-4.9247,-3.3758,-4.2563,-3.1248,-3.0571,28.16018554954445
0.019734,-3.7458,-5.7021,-2.0036,-8.8904,-5.2443,-4.9587,-5.2094,-3.7322,-3.2983,87.32142263709315
-5.3168,-8.2169,-7.2791,-9.2418,-2.3698,-4.4584,0.73919,-3.1071,-2.3132,-7.7051,-34.68845761457485
-0.095195,-3.4287,-3.9159,-2.7225,-5.6775,-3.7343,-1.822,-4.0783,-3.8487,1.3513,34.72118426757189
-7.7217,-0.46926,-1.3185,-2.5701,-3.6464,-2.3842,-8.8699,-1.7597,-7.4317,-4.924,146.73779119720442
-6.1887,-8.9726,-3.1746,-9.828,-1.6908,1.147,-2.1623,-2.4727,-7.916,-0.99125,35.19837456874496
-1.4311,-5.6669,-4.8151,-3.8237,-2.7901,-0.76243,-3.508,-3.2347,-0.21583,-2.076,7.711156888243504
-5.1888,-7.0236,-1.1653,-4.4469,-0.54862,-5.0483,-5.6724,-1.0439,0.84134,-2.8134,2.4310225431574883
-3.2892,-1.4476,-9.5267,-5.2206,-6.8523,-7.5513,-5.3761,-6.0737,-0.81834,-3.269,27.179185249865334
-4.3555,-3.6832,0.21775,-4.174,-3.4453,-8.4185,-5.1435,-0.0408,-0.84524,-4.222,53.50186365456499
-4.0194,-7.4891,-6.7525,-4.2993,-1.8458,-2.5532,-5.2689,-3.7899,-4.4218,-4.2412,23.672814582560584
-5.9516,-6.8338,-6.217,-5.9566,-4.5224,-4.0665,-6.1188,-3.1967,-3.1002,-4.607,47.981658967498895
-3.5946,-6.9863,-2.3874,-9.6162,-7.3529,-5.3297,-3.2218,-5.2981,-7.2312,-5.3787,88.185504079715
-8.0841,1.2458,-4.5516,-2.2127,-1.9963,-3.7916,-4.4626,-6.9618,-4.2805,-5.5203,39.40889429430012
-9.0361,-3.8352,-1.7778,-7.1344,-2.4516,-4.7611,0.56794,-5.507,-7.0527,-0.72668,1.7555155238382605
-5.3449,-2.936,-5.8584,-1.3257,-4.3061,-4.6567,-4.6789,-7.5494,-2.7189,-3.7858,24.397700023114417
-2.0602,-9.76,-8.9114,-3.8686,-4.7119,-3.4441,0.67915,0.69518,-4.6979,-2.3413,-3.2170202700485127
-1.824,-1.7865,-5.5238,-0.63368,-6.2287,-3.1741,-5.5612,-4.1585,-2.7058,-5.1799,82.64657843391664
-5.8961,-3.1605,-3.0618,-4.2174,-3.375,-3.0562,-4.8652,-6.5743,-8.6351,-1.5988,71.21912010710523
-4.3285,-1.5871,-2.0203,-5.0121,-6.1608,-1.337,-6.1829,-4.6929,-7.1836,-3.1838,128.80090577069416
-3.2045,-2.4272,-3.4808,-1.9377,-1.394,-4.6034,-4.3261,-6.1381,-8.6693,-7.5574,68.53599624556445
-4.0696,-3.1171,-6.3226,-1.2621,-2.3854,-8.5296,-5.291,-4.9725,-3.106,-6.733,20.888108770171193
-2.7512,-4.33,-7.0194,-7.6014,-8.6108,-1.793,-5.3329,-10.094,-0.57198,-0.48333,36.47359699157789
-5.9083,-7.4325,-4.4353,-3.5536,-5.5055,-3.8949,-6.9122,-3.6571,-5.7468,-2.4679,79.75720297897554
-4.003,-2.0763,-6.6411,-1.1609,-0.7073,-3.6361,-2.3295,-4.6904,0.16839,-3.3632,-34.57403004947804
-5.1625,-5.1866,0.41879,-5.0212,-6.3284,-3.2634,-1.7371,-0.53401,-9.6911,-3.3314,119.32909996667762
-2.8374,-1.6681,-3.5488,-0.47764,-5.3167,-3.7067,-4.6851,-7.5175,-5.5261,-2.4504,69.71708891584251
-7.9273,-2.2842,-8.0969,-4.3372,-3.3543,-3.1633,-4.2655,-5.007,-6.2366,-6.0418,47.873013250377916
-3.466,-6.0641,-3.1686,-0.23358,-8.967,-3.2921,-6.4216,-7.2029,-3.2347,-4.7373,99.11530405383101
-1.6094,-2.8895,-7.8569,-9.6158,-4.6714,-3.8011,-8.1352,-2.4455,-6.9884,-3.4247,104.39217914492116
-4.9357,-8.2563,-2.304,-5.3875,-1.4492,-3.931,-2.3906,3.1839,-5.701,-0.50565,32.91701282039774
-8.7219,0.19492,-9.9754,0.45388,-4.0199,-5.1943,-3.5096,-4.8335,-3.284,-2.8711,10.034641805960534
-3.4799,-4.571,-5.4236,-2.3689,-3.867,-5.0212,0.07356,-1.0153,-4.8196,-4.6398,22.013964539753896
-3.632,-5.3544,-5.3867,-8.3703,-4.7845,-3.2711,-9.4334,-4.0262,-0.66473,-8.0728,83.48886268776737
-1.5448,-0.92354,-1.3102,-1.3996,-11.623,-2.0714,-7.455,-1.1769,-8.1837,-4.984,224.53064494228292
-2.6879,-2.3474,-3.8294,-3.9436,-5.8529,-8.2431,-7.5294,-0.7481,-6.8779,-3.4183,121.22965339850346
-3.2063,-4.5213,-1.3909,-1.2633,-0.66557,-2.3836,-4.9425,-1.1425,-8.2716,-3.9948,82.32566980649524
-0.20469,-3.3745,-5.567,-5.844,-0.95071,-2.0987,-6.6987,-6.4758,-10.852,-1.8932,78.4167936147644
-0.95624,-7.685,-2.6486,-3.9752,-6.2806,-6.1261,-0.46802,-5.4507,-6.6845,-4.185,43.91891366762536
-4.175,-5.9588,-4.0374,-4.8242,-0.31471,-3.0951,-6.553,-2.5308,-2.7732,1.8929,9.167684240695896
-4.3038,-2.6073,-3.625,2.3468,-10.072,-6.7541,-2.4996,-1.3376,-3.4922,-2.3607,92.03806031382165
-0.58932,-4.1498,0.29116,-6.8108,-3.0691,-4.7539,-3.4425,-2.1432,-3.8375,2.0475,41.93622676459926
-5.4864,-6.3413,-1.0531,-4.114,-3.3863,-3.4626,-4.3618,-6.4622,-4.9307,-7.0483,57.22513405825132
-2.1015,-1.7571,-3.0301,-4.2592,-4.7001,-1.9271,-1.2572,-3.747,-7.4768,-7.5033,89.53519600129772
-4.4833,-6.243,-0.76571,-4.6563,-4.818,-1.2934,-5.8164,-2.3108,-0.52509,-4.2843,70.29144823542448
-1.9859,-3.4938,1.4178,-5.5952,-5.9689,-3.4282,-6.6281,-4.6982,-1.8488,-8.1423,115.15226464179231
-4.7309,-1.6376,-5.5072,-1.0447,-3.5162,-3.9219,0.92683,-5.4593,-7.1514,-4.7195,21.35256042267965
-8.1236,-5.8104,-6.8273,-3.3158,-1.5018,-7.4162,0.72176,-3.7293,0.56177,-7.3921,-68.59046950419192
-4.3786,-4.1381,-3.2276,-6.5415,-5.7261,-5.2052,-1.6138,-1.1348,-8.3751,-4.5505,87.16781726198091
-4.133,-1.7639,-4.1175,-5.34,-5.6176,-6.8065,-6.9756,-5.6166,-5.2359,-0.49989,76.916936889338
-3.4871,-5.8155,-2.3309,-5.3176,-5.0921,-2.0497,-3.7657,-5.3851,-8.7106,-3.568,90.37840015426352
-1.3897,-3.2278,-4.1259,-2.9813,-4.8789,-5.2269,-0.48172,-6.1401,-2.8626,-4.8292,14.657114160484484
-3.8306,-5.4969,-6.0453,-5.2466,-4.2907,-2.6224,-8.6277,-4.1121,-5.8362,-3.5588,91.02263076396072
-5.0359,-6.0668,-5.7905,-3.4966,-8.3177,-3.5611,-0.9165,-2.4331,-4.957,-5.6941,66.78927959642708
-9.3994,-3.9508,-9.585,-7.8822,-6.3964,-3.7748,-6.46,-3.1592,-3.5335,0.35381,46.64611935303826
-0.13609,-6.0508,-4.2627,-2.59,-0.54198,-4.8374,-1.2849,-5.1253,-5.4118,-3.4532,-9.763198373371553
-6.9504,-3.3937,-4.9195,-5.1032,-6.9158,-2.6509,-4.8718,-3.3586,-8.8079,-4.3455,118.84185462163659
-5.7445,-3.6638,-4.4218,-8.7114,-5.6114,-5.0289,-2.3314,-1.6614,2.3345,-7.2216,19.903324175182796
-5.9834,-2.1072,-1.6519,-6.54,-5.5863,-4.775,-8.1945,-7.4827,-4.4712,0.047456,86.26496542008984
-5.6847,-1.3877,-2.1953,-6.609,-5.3858,0.29644,-8.1925,-3.6551,-8.5621,-4.1642,158.89733933736534
-1.2834,-1.8847,-8.3096,-0.58412,-6.8922,-6.7335,-9.1142,-3.933,-8.6081,-5.947,139.36698840880686
-8.6963,-7.0152,-4.9975,-3.6593,-8.0488,-3.5576,-6.1836,-6.6734,-3.6576,-6.1569,79.5886982808811
-1.4013,-5.7696,-2.7011,-5.8948,-8.3462,-6.1106,-0.85665,-3.2029,-6.0939,-1.713,69.2715349782073
-5.4203,-3.7408,-10.81,-1.7258,-2.4099,-5.1364,-6.9589,-3.5569,-6.4519,-3.8964,41.39036006613166
-3.02,-1.8412,-8.8982,-1.5035,-3.7524,-0.28452,-6.4374,-5.3638,-3.9641,-1.4207,50.54600443320158
-5.8373,-5.1739,-5.288,-6.2502,-0.13853,-5.5236,-0.66869,-4.4322,-2.8032,-4.9009,-39.73131580500545
-0.61809,-2.7535,-9.7063,-6.3863,-3.3044,-4.0779,-1.5989,-5.3876,-1.7853,-0.3442,-29.02236776659183
-5.1661,-2.492,-6.4114,-4.0616,-0.97273,-2.7029,-4.3919,-8.0489,-5.4827,-0.70282,2.9441838567652114
-1.1212,-1.8149,-3.6666,-1.7343,-9.4638,-9.218,-6.7167,-4.3205,-6.7826,-1.6814,128.49749344949393
-0.17442,-3.3783,-3.4587,-4.6654,-5.727,-3.1179,-2.2078,-6.2978,-4.7773,-3.1986,54.91538989509358
-0.85695,-5.4097,-3.5581,-2.4312,-1.5751,-4.0637,-5.3918,-2.6333,-4.0489,-5.4235,48.73499763070569
-4.7558,3.5069,-0.34506,-5.2161,-4.1955,-3.1766,-7.364,-5.0295,-4.9979,-1.4865,116.71085642849233
-5.9207,-7.5889,-4.4097,-9.2441,-6.581,-6.8844,-6.3086,-5.4032,-3.1673,-5.9678,61.4566638114682
-3.9194,-6.4545,-7.568,-5.945,-3.9277,-5.2519,-1.8447,-2.9529,-7.8772,-2.772,28.326327084245897
-3.0517,2.2983,-10.179,-2.1965,-2.7008,-2.1466,-8.4232,-1.902,-10.615,-6.3816,136.12114486471
-6.1288,-6.0338,-0.97308,-3.0841,-4.4957,-10.826,-10.863,-5.8434,-3.7891,-0.79549,73.35328167191406
-0.86142,-2.6947,-6.7493,-6.2335,-2.4188,-2.2559,-5.6767,-4.9584,-5.7684,-4.1734,57.87042842466344
-5.2333,-9.0551,-6.7978,-3.6608,-1.9689,-11.714,-5.4085,-2.4477,-9.078,-6.9905,36.52135566815957
-3.6484,-3.514,-4.2373,-4.0049,-0.32254,-5.8593,-6.0932,-4.108,-3.532,-9.6782,41.550912614585854
-7.1571,-10.236,-2.0262,-4.8913,-10.641,-6.1155,-3.3917,-6.1543,-5.4692,-7.0378,94.06704970244698
-5.5644,-5.6671,-6.1411,-5.8264,-4.0721,-5.211,-2.4915,0.31838,-3.9089,-6.3521,40.09453530813616
-3.6959,-3.0123,-6.2558,-5.1177,-1.6531,-0.51209,-4.7617,-4.3058,-3.7929,-7.0065,44.66363470816725
-2.9566,-0.080418,-3.8431,-7.3226,-3.5467,-3.1471,-5.9057,-5.9968,-6.4879,-3.3779,85.13670445039148
-5.7026,-8.4818,-0.87147,-3.7501,-4.0005,-5.381,-3.5926,-5.588,-1.0703,-2.0422,4.082562393516986
-6.1719,-0.89449,-3.6929,-8.0121,-2.2422,-5.3437,-3.054,-4.7655,1.4798,-8.4116,2.5565395909001403
-0.69375,-7.4701,-5.0428,-2.268,0.90809,-3.4579,-3.5086,-2.7703,-6.0417,-10.437,27.688187653788873
-4.325,-5.6037,-6.8996,-4.8701,-3.9056,-6.9527,-5.4453,-6.3961,-5.7654,-5.1076,37.40393692435793
-1.5016,-5.7057,-5.2164,-1.8734,-2.3983,-1.6263,-1.8284,-4.6209,-4.4062,-1.8338,7.548822157523196
-4.1918,-2.9812,-3.15,-5.5159,-2.5647,-6.701,-6.6801,-9.8074,-3.5817,-3.8472,28.646340697415862
-4.72,-0.74079,-3.0529,-3.7454,-4.8788,-2.7078,-3.123,-6.5644,-6.658,-3.9775,75.76553996692199
0.28766,-5.3319,-3.0416,-3.4359,-0.41366,-5.3662,-7.5398,-4.6765,-0.9872,-5.3612,25.988871479699718
-3.7618,-1.6699,-3.5536,-1.249,-6.5788,-6.1814,-5.2893,-4.9044,-3.9053,-0.37542,70.36357870050713
-7.5579,-4.0806,-3.0488,-1.2405,-2.4308,-4.5756,-6.3028,-4.2506,-5.4455,-3.9964,59.7887755226303
-2.5333,-4.6654,-4.2967,-2.4096,-6.2523,-6.4468,-1.7979,-4.9842,-3.1407,-2.8109,27.607073899053844
-3.9449,-4.0354,-7.1938,-2.2756,-1.8148,-1.767,-1.3941,-3.8694,-3.5273,-1.4959,-12.24587460479711
-6.4346,-8.2234,-3.8819,-6.0256,-8.0285,5.421,-3.8715,-6.6079,-4.8979,-2.6652,90.04660954394464
-6.8076,-4.7692,-3.6473,0.90703,3.081,-2.5872,-7.1996,-3.4669,-5.5202,-5.0553,25.275695414555745
-1.5532,-1.6045,-5.0163,-3.0535,-4.9369,-4.9608,-1.44,-8.2746,-8.4309,-6.3091,59.859769807047144
-2.3698,-6.7625,-6.5423,-3.1181,-2.6214,-1.8002,-6.668,-4.2703,-4.0262,-6.0675,51.90894795666658
-2.8638,-3.5504,-2.4438,-6.8285,1.2209,-7.3532,-1.3887,-3.9471,-4.8455,-7.1362,-6.9348801463829215
-9.1379,-5.03,-3.8749,-1.4422,-3.0919,0.65608,-6.1869,-4.2542,-8.1987,-5.1062,95.71282048823983
-5.6214,0.030304,-5.0785,-5.562,-2.734,-2.7546,-0.894,5.5323,-4.0861,-0.46261,49.14127494162572
-6.8318,-4.4923,-6.5716,-3.8096,-5.8804,-5.8711,-6.4448,-6.2561,-4.596,-4.5238,60.63393768892089
-3.88,-3.8427,-2.5001,-5.9784,-5.3039,-5.9011,-5.3152,-2.417,-2.8513,-7.7381,83.94498888893618
-0.51712,-1.7961,-3.2635,-1.9813,-4.8067,-5.4586,-1.703,-5.9139,0.022946,-7.8614,24.14517025096726
-5.4838,-5.5312,-4.2538,-2.6477,-5.4314,-5.1152,-1.6674,-2.2183,-5.1362,-1.3676,37.025690483492426
-9.2635,-1.367,-5.0018,-6.361,-4.702,-4.2501,-4.2159,-8.0188,0.64732,-5.7329,11.21133009838396
-2.6856,-1.1837,-7.5855,-3.9426,1.45,-4.6793,-7.7901,-2.8237,-6.9457,-0.033194,34.019142595752534
-6.3472,-2.4827,-6.21,-6.2588,-2.1416,-1.9154,-0.29987,-2.773,0.10781,-8.6883,-8.90212368582846
-5.7012,-1.2872,-4.3758,0.91057,-6.7606,-5.6205,-3.8783,-2.354,-8.2375,-2.9362,106.07568099658886
-2.3223,-6.4446,-2.47,-8.8747,-8.3715,-6.7313,-5.4472,-6.1603,-5.6958,-10.655,118.27163470268286
-4.5053,-2.5061,-5.6319,-2.2674,-3.0864,-2.5159,-7.0293,-3.4077,-6.4348,-3.1099,83.43593325452014
-4.6085,-5.5862,-6.3891,-1.3352,-6.8977,-4.2821,-6.6113,-6.4256,-2.4816,-8.2658,73.421235124738
-8.4177,-3.7771,-2.8872,-7.6238,-4.7544,-2.289,-3.5,-6.9109,-3.4436,-2.7357,37.303744330841475
-2.0739,-2.0747,-3.1251,-6.6507,-4.7072,-6.6778,-9.1444,-7.2532,-2.817,-1.6369,73.20519319856305
-2.377,-0.27947,-3.9667,-4.3704,-5.8776,-11.254,-9.7657,-2.8619,-5.1815,-4.2521,119.61172814210745
-2.5703,0.11592,-0.038058,-4.0898,-3.7861,-5.9333,-8.1228,-4.3858,-8.7789,-2.9429,136.33839734079615
-2.7213,-1.4907,-6.8429,-5.2681,-0.9682,-2.9547,-7.1525,-4.8945,-3.4832,-6.2836,47.23920203496342
-3.8613,-9.8045,-3.0016,-7.806,-3.1601,-3.7166,-5.0963,-7.4877,-4.7863,-2.2341,20.76136762736247
-8.492,-6.018,-4.1678,-5.5837,-0.30831,-7.869,-2.7693,-1.8893,-3.5545,-2.9855,-19.781627256925837
-0.68482,-7.4015,-0.7413,-5.9821,-3.1479,-0.22373,-5.3606,-6.3173,0.0045271,-10.812,56.328503863374976
-4.0932,-2.6551,-5.6357,-2.8815,-7.8905,0.3111,-1.6101,-7.5113,-4.5143,-8.2132,78.86475282051506
-3.2565,-1.4975,-3.0185,-6.0983,-5.0299,-5.5436,-3.5621,-4.0642,-4.5192,-3.533,64.97944450257455
-2.7787,-3.0316,-4.5797,-5.8492,-3.5695,-9.0189,-2.6131,-0.51949,-0.85494,-8.6622,26.686060436627237
-7.6424,-3.5088,-4.4454,-5.6538,1.8582,-5.8627,-4.8144,-7.2866,-4.436,-6.601,-12.270201378229661
-4.6819,-5.0506,-2.2967,-3.7087,-4.524,-7.7023,-4.8911,-1.9573,-6.7272,-5.9724,86.08319610262282
-5.931,-4.1504,-4.619,-3.4051,-5.5372,-2.8328,-2.4737,-0.83298,-4.2349,-4.4091,64.1440365746357
-5.2865,-6.7159,-3.5044,-3.135,-2.9603,-7.8522,-6.6753,-6.259,-0.90841,-5.4949,14.701843654211572
-4.3921,-1.2817,-3.7661,-4.7793,-1.7242,-4.7865,-5.7206,-3.5447,-4.0454,-3.1305,48.01707760971007
-5.8997,-5.998,-4.788,-4.0681,-4.4209,-1.8014,-6.0677,-3.2128,-4.4296,-0.91757,60.18584207443114
-5.4738,-3.5727,-4.6571,-7.4238,-4.4334,-4.3902,-7.0694,-4.2599,-4.5829,-4.1098,77.03298992641093
-5.9883,-3.427,-2.8617,-4.6501,-4.4811,-1.3107,-5.7113,-4.5823,-5.1507,-0.7788,75.55202992574841
-3.6063,-5.2632,-2.6321,-2.4111,-6.1007,-2.4291,-3.9332,-5.7057,-2.1671,-5.7304,61.0849109543039
-2.1225,-2.4041,-5.6622,-4.0096,-2.7801,-4.4615,-3.5935,-6.5296,-3.6837,-1.0172,9.817590733983538
-3.2864,-2.8173,-0.094951,-6.7001,-2.8244,-5.6894,-1.5634,-1.9726,-2.9205,-5.1825,38.74379044199283
-5.6026,-4.2173,-5.9642,-3.4391,-3.7362,-3.8498,-6.5992,-2.3812,-0.9099,-6.1759,49.22398650952042
-3.5386,-4.7663,-6.0284,-0.77346,-1.8801,-7.7646,-4.5578,-5.7555,-7.5183,-4.2738,28.055321949342783
-4.2556,-2.4621,-0.096748,0.6694,-1.8856,-3.5045,-3.6762,-7.1243,-5.6068,-7.5909,59.84697393498079
-4.7007,0.21207,-7.6379,0.68064,-1.5404,-7.1681,0.33071,-4.6219,-5.8638,-6.345,-6.019089246817024
-4.202,-5.6723,-2.6919,-1.9808,-2.8676,-2.9952,-3.3546,-3.1168,-3.7278,-0.97906,27.283958130800855
-3.6075,-8.0585,-7.5378,1.9976,1.6747,-2.3549,-2.6384,-1.2615,-2.643,-0.022069,-51.62549933146811
0.060456,-5.7864,-7.848,-0.081076,-5.3456,-3.3959,-6.0468,-7.3984,-9.127,-4.1282,83.58262347806759
-5.1297,-3.8204,-0.18017,-4.2387,-6.9486,-1.139,-2.5166,-0.1002,-3.5624,-3.7483,101.45724855377222
-6.004,-6.417,-2.7042,-4.7328,-2.5205,-3.5766,-1.2155,-3.6844,-1.3195,-6.2506,-2.1018807213771056
-2.0954,-5.3045,-0.60989,-4.9226,-5.1957,-4.2416,-6.496,-6.045,-2.4044,-4.0913,73.89915313655972
-3.8363,-3.4052,-2.3481,-5.1836,-8.9649,-9.3862,-3.6857,-12.35,-3.7941,-5.5792,55.248047220334655
-3.6905,-2.1072,-2.8668,-5.1351,-7.1239,-4.8733,-3.4254,-6.7666,-3.6135,-3.6568,66.92147204897904
-3.3533,-5.3854,-4.6235,-4.5488,-6.4743,-0.29614,-8.0839,-6.368,-6.2831,-2.4016,111.94556587347468
-3.7887,-4.0771,-6.2016,-4.0503,-6.0541,-4.5633,-5.9431,-1.6083,-4.4048,-1.8936,77.89771424446565
-1.5317,-4.453,-4.6682,-5.6312,-3.9884,-2.4559,-2.1621,-6.5488,1.2529,-2.131,-16.52911502379992
-5.6355,-2.4399,-2.6028,-6.4631,-5.9469,-3.6028,-6.2968,-8.3987,-7.2601,-5.2654,105.57306604256037
-3.8061,-1.3118,0.13916,-3.6225,-4.9359,-3.4332,-6.0806,-6.2829,-3.9362,-4.5736,96.58980604222603
-2.9389,-6.8399,-2.5144,-6.8069,-8.8376,-1.8387,-3.9487,-5.9659,-2.8819,-0.65391,71.85626838835607
-5.5943,-6.8141,-8.3367,-1.9877,-6.3468,-1.2382,-6.7539,-5.495,-2.6141,-7.8247,68.37608706422208
-2.4312,-8.8255,-0.32981,-3.8438,-5.7447,-4.7454,-2.5459,-4.4697,-4.5484,-10.931,76.79203234800315
0.85245,-3.3155,-2.2936,-6.9666,-5.1469,-4.2745,-5.151,-4.5566,-2.8749,0.15336,60.06139157531606
0.8999,-2.797,-5.9364,-3.4718,-0.98493,-4.8722,-8.9378,0.46106,-4.8134,-0.44728,72.09038791665301
-7.8726,-6.5882,-4.8855,-4.233,-4.2419,-6.1382,-4.1122,-3.6985,-6.2693,-7.3495,55.19080723898088
-3.3648,-3.3809,-2.904,0.14331,-1.3859,-9.1841,-3.2381,-3.252,-4.0487,-1.3887,3.373390491573415
-2.0119,-2.3902,-2.4877,-2.785,-6.6625,-1.0855,-4.6062,-11.184,-5.2717,-1.8638,75.03666749231854
-1.3653,-6.8376,-4.1863,-6.162,-4.5893,-8.1717,-7.5528,-4.1108,-7.2922,-4.3012,86.50696412516521
-2.0966,-4.5012,-4.7281,-4.3918,-5.6138,-6.6848,-6.4399,-6.789,-1.4698,-5.0814,47.613725403138524
-5.897,-10.34,-3.1098,-3.3176,-3.1657,-3.6386,-7.6926,-3.7063,-1.0312,-1.8419,26.463268191256354
-2.7842,-5.505,-3.9531,-4.4218,-7.4153,-4.7934,0.7622,-6.8696,-4.0442,-4.4929,24.87359745338768
-3.3982,-4.4332,0.53005,-5.4318,-3.9895,-0.4622,-1.6115,-5.1387,-0.69113,-6.0966,38.66503312146921
-3.5577,-1.711,-4.546,-7.5958,-5.4534,-6.5306,-4.8526,-7.0713,-4.8232,-2.0756,53.68833011328947
-3.7841,-3.169,-6.4102,-5.3722,-1.1447,-4.5854,-3.6323,-4.1983,-2.3216,-4.6125,-1.59098075641017
-5.5523,-4.378,-1.493,-5.374,-2.17,-4.3915,-2.1157,-7.5701,-4.7156,-4.3016,13.595008199394103
-3.5117,-9.3489,-2.6254,-1.8192,-8.5168,-3.497,-6.1455,-5.7488,-6.1855,0.20433,93.08223284139325
-6.6535,-1.0091,-1.9199,-6.6297,-5.0718,-2.3338,-7.5319,-3.9417,-4.9037,-4.6769,118.51638771421955
-2.1492,-4.2603,-8.7844,-6.783,-5.6212,-2.6583,-4.2083,-4.2142,-6.5839,-5.5391,71.52665736779619
-0.97167,-4.0227,-6.171,-7.5243,-4.5377,-5.8093,-7.5765,-7.9097,-6.047,-4.4072,70.99655509068117
-4.1521,-4.7187,-2.6826,-7.3495,-6.2533,-1.6176,-5.433,-2.1337,-9.8086,-4.5964,142.33168815522032
-3.6545,-3.8699,-2.1069,-1.4579,-6.4936,-5.5218,-3.7489,-3.0689,-7.6259,-3.1376,100.29607205404157
-7.8982,-5.0903,-3.7946,-7.4676,1.2224,-5.8347,-7.6577,-5.3304,-5.843,-4.4838,25.65709258632745
-4.3272,-0.49951,-4.4812,-2.3746,-4.5475,-5.9886,-0.43549,-10.136,-5.4995,-4.541,13.596097490197856
-7.3518,-5.5033,-3.7929,-7.9854,-7.1137,-1.5394,-6.1834,-2.5408,-7.0149,-5.9203,128.91979823164462
-0.55599,-1.154,-2.7542,-6.8115,-9.3297,-4.557,-3.919,-1.464,-4.1321,-0.39143,114.77212630751372
-4.1462,-3.1876,-8.8484,-3.8727,-4.3956,-4.2468,-7.2351,-4.1781,-6.217,-0.012579,60.66540269486261
-2.6712,-6.9488,-4.7341,-4.3885,-7.7946,-3.408,-6.2779,-1.4594,-2.8592,-2.3386,90.38114172134323
-5.0942,-6.6528,-8.7038,-7.7508,-4.5332,-2.9806,-4.5745,-3.9308,-3.0331,-9.4761,41.59035667391609
-3.008,0.019164,-8.2478,-1.6512,-5.021,-3.2902,-3.7142,-4.4497,-7.0655,-2.888,69.22675034674404
-4.6084,-3.6001,-7.5681,-4.2496,-1.4765,-7.9158,-8.9269,-2.1486,-3.7766,-4.6506,46.38624757224671
-1.5481,-1.1062,-2.4776,-5.254,-2.6458,-6.6101,-3.8922,-1.6437,-5.4979,-6.7069,74.95217794084691
-4.6361,-0.21249,-5.9858,-0.8885,-0.58993,-7.1221,-3.4986,-2.4444,-3.8164,-3.6268,9.211047941692815
-6.617,-7.3866,-6.4926,-6.0421,-5.7981,-6.1745,-7.682,-5.3991,-6.7739,-5.9983,83.39224288205418
1.7633,-8.5267,-0.20167,-7.4781,-2.6516,-7.1673,-6.1039,-1.402,-6.051,-3.7447,75.87040488959221
-5.0932,-3.1918,-4.4697,-5.5123,-2.5005,-8.7707,-6.0882,-1.5124,-2.3661,-4.1264,35.33734296773395
-3.6139,-3.9141,-2.9093,-1.8903,-4.313,-7.6503,-8.3198,-2.9219,-6.3383,-7.9275,115.19882314099941
-6.6908,-4.0265,1.6145,-3.9387,-4.9469,-5.5851,-3.8502,-2.5668,-2.9286,-4.0665,71.54096894337599
-7.6243,-4.8363,-6.8842,-2.9681,-3.4315,-4.5106,-6.1938,-2.5084,-4.4707,-9.0286,65.56371693270157
-2.9134,-3.3748,-2.7649,-4.0473,-3.5101,-7.2289,-2.6715,-1.1011,-2.9807,-0.20812,23.74919975386732
-6.2949,-4.7395,-8.0764,-4.4011,-0.24497,-6.2665,-7.718,-4.9136,-4.9227,-6.482,24.277274462744476
-1.1801,-3.1809,-7.2593,-0.96079,-4.2559,-3.9339,-0.90471,-5.5961,-0.64894,-3.0204,-16.400992403475485
0.04152,-0.85609,-3.5393,-1.8122,-6.9089,-6.2391,-6.0917,0.14461,-7.2427,-2.4451,138.06093788322892
-9.0962,-11.27,-3.6369,-5.2635,-3.7259,-1.3768,-6.6966,-5.7928,-8.4964,-2.7452,67.425677175992
-0.13619,-3.444,-2.5267,-3.5661,-1.9287,2.4126,-3.3144,-2.1102,-2.896,-3.8692,56.54109217373961
-5.7669,-3.2152,-9.0793,-1.0383,-2.3144,-2.0013,-5.5345,-8.4726,-1.9212,-1.7557,-10.61153106599067
-5.4378,-7.3857,-5.8885,-2.2815,-7.9555,-3.3222,0.70831,-2.7878,-6.7665,-0.43119,38.840620927381345
-8.2091,-4.855,-4.3391,-5.6913,-4.7807,-2.4548,-3.7982,-4.3992,-2.4859,-4.536,39.19010670690789
-5.942,-5.3662,-4.2519,-5.0054,-5.5223,1.8465,-4.6536,-8.1362,-4.4413,-4.8861,67.73990029497375
1.6047,-6.4684,-4.9756,-6.0836,-4.1477,-2.2613,-2.2236,-3.367,-5.1513,-10.817,67.36956497244219
-2.1412,-5.4423,-0.92997,-0.68273,-5.3421,-3.4846,-2.4821,-3.7861,-6.6647,-7.9226,93.20497195207436
0.20943,-1.8742,-0.016044,-6.7757,-6.5747,-4.9532,-2.7162,-1.6326,-2.4487,-1.8695,80.90030859343354
-4.0703,-7.6272,-5.3459,-1.4021,-4.39,-4.9106,-2.2411,-0.56916,-2.2115,-6.7673,26.63439201082374
0.28632,-3.4314,-7.3627,-8.146,1.0913,-3.4431,-9.4798,-3.3997,-5.1234,-2.5459,45.65515443279107
1.5032,-5.487,-7.006,-7.5254,-3.4384,-6.3372,-4.4496,-5.8505,-3.2503,-5.99,21.295974257493626
-5.6731,-5.3674,-2.0249,-0.78682,-1.9907,-2.4695,-4.4108,-5.2997,-6.9558,-3.6589,54.082481861257016
-1.1953,-7.2392,-1.4341,-1.5885,-1.8814,-3.9864,-3.0107,-0.82543,-8.5859,-4.002,68.78580063205166
-4.5223,-1.0548,-5.5657,-0.85417,-0.5358,-4.779,0.52052,-4.3535,-1.5277,-7.299,-29.962329773576865
-1.8681,-0.93479,-5.2421,-0.17185,-0.83122,-10.193,-1.7965,-2.0825,-3.1103,-3.7278,-11.573898096080484
-6.4474,-4.3143,-1.9994,-6.208,-3.6106,-7.2004,-4.2545,-5.2472,-7.1915,-5.3554,63.155145944712324
-3.083,-8.4493,-4.2667,-3.8552,-5.5962,-4.532,-0.65183,-9.2939,-3.3447,-7.0505,2.09421062560475
-8.2108,-3.1871,-8.328,-3.7715,0.26864,-4.5109,-3.6677,-3.1141,-1.9243,-2.1657,-34.756432133923596
-6.8759,-5.9165,-4.9018,-10.603,-1.3459,-3.4023,-5.323,-4.9474,-0.06071,-4.7824,-6.281335503876802
-9.6814,-10.273,-5.2328,-5.8054,-1.2787,-6.5547,-0.72967,-2.5961,0.18884,-4.9115,-66.59598599733661
-4.2855,0.748,-3.6405,-3.144,-4.7343,-3.5474,-1.5144,-3.0679,-7.9619,-3.6339,83.42281180607407
-5.6107,-5.0246,-5.5371,-7.0067,-6.6467,-7.4169,-2.2387,-4.9398,-6.469,-6.1708,55.64331831272173
-4.3284,-6.2188,-7.6697,-3.3214,-4.3421,-7.7451,-5.5387,-9.9265,-6.0915,-1.812,10.958843293661126
-2.5532,-5.5799,-3.4485,-3.8529,-2.8407,-1.5672,-3.626,-1.3057,-3.1899,-5.3401,50.97734186960304
-4.8182,-2.6543,-7.6375,-2.7685,-6.5665,-5.7826,-6.7666,-2.9481,-1.6459,-3.464,63.59845974721507
0.12968,-6.6301,-6.1472,-7.1927,-4.173,-5.9706,-6.1451,-2.6854,-5.5316,-3.7437,63.19209825480148
1.9626,-0.29566,-3.4757,-7.9155,-5.6399,-10.65,-6.0504,-6.9742,-3.8317,-4.7439,70.98035314981033
-5.7175,-6.598,-2.1726,-2.1922,-4.82,-3.9498,-1.2505,-5.768,-3.0145,-1.4978,8.211897480131613
-3.5048,-1.9065,-3.4561,-7.8998,-3.096,-7.1511,-2.9297,-2.7583,-2.5807,-2.691,22.009197029357356
-5.8674,-3.5832,-4.4382,-2.505,-5.0699,-3.0077,-3.8925,-3.4335,-2.4285,-0.97594,39.43808376876727
-6.4951,-5.8314,-5.7691,-2.898,-5.0404,-1.7301,-7.8459,-4.0438,-7.413,-5.7749,109.89780288610942
-3.5563,-6.9975,-7.9917,1.5307,-7.5167,-1.3952,-3.2548,-8.9995,-1.9369,-5.641,26.446863783372983
-6.564,-6.5323,-5.5802,-1.8757,-6.9801,-5.0616,-5.0562,-3.4607,-10.085,-6.3854,115.03501202316211
-0.67885,-9.9021,-4.4139,-3.283,-3.6547,-7.671,-1.3957,-5.8821,-5.3922,-0.77397,-15.05192695028427
-6.2277,-3.3575,-2.9031,-7.8632,-3.4584,-2.4099,-6.2576,-6.0281,-4.582,-6.7278,76.53230768902186
-6.3714,-5.0511,-4.483,-5.2699,-7.8753,-1.8243,-10.916,-3.1166,-5.3067,-1.9317,147.09269644731654
-7.0613,-3.7023,-1.9833,-1.3246,-4.9746,-6.8996,-3.3063,-7.45,-3.3933,-4.0614,30.84306778446548
-4.6935,-4.6098,-2.48,-6.9022,-5.6663,-8.4175,-1.6659,-3.7948,-2.2481,-5.7587,28.94177461481088
-1.8181,-3.0124,-2.6426,-4.2117,-0.54359,-3.4749,-4.1841,-4.3911,-4.854,-6.3053,43.05062735328835
-0.40161,-2.6351,-1.8707,-6.184,-2.2182,-3.1219,-2.5506,-7.4402,-7.2957,-5.7405,55.330113911605636
-3.1604,-5.7255,-6.912,-5.082,-8.9764,-7.0939,-5.6683,-6.7846,-5.8174,-1.2746,73.48086437264122
-4.2365,-6.4263,-7.3445,-5.7807,-3.4769,-9.1066,-4.3934,-4.7449,-4.0389,-6.5631,12.444421056605359
-7.0486,-1.9876,-4.2399,-8.0238,-5.9205,-4.8952,-4.382,-2.4543,-3.9134,-8.5906,89.67092492881557
-4.3657,-4.4264,-5.7086,-3.9886,-6.329,-6.2617,-8.0628,-3.735,-0.43409,-4.0711,64.36240019807735
-6.4287,-3.6548,-2.3934,-7.6469,-2.8549,-0.35835,-5.6179,-2.7835,-3.6945,-4.2025,72.02138601720488
-0.87913,-3.8318,-4.0282,-1.8109,-4.6879,-6.2341,-3.15,-5.7801,-4.7454,-7.3913,53.81419138658717
-3.563,-3.6826,-2.9036,-0.05244,-3.0988,-6.6345,-7.2537,-1.1313,-8.2704,-8.8974,122.8553515216877
-5.1083,-6.5265,-4.0419,-2.1776,-5.4516,-7.6789,-0.42964,-1.3537,-4.2327,-1.3402,13.952467437262131
-1.3027,-6.0986,-4.0715,-2.461,-5.6729,-1.5684,-1.142,-7.4189,-7.135,-7.2209,62.09619915188526
-0.048999,-0.95432,-2.2549,-3.156,0.51503,-0.78456,-5.1995,-8.9614,-8.6102,-4.8429,63.66252157487462
-3.3881,-3.373,-5.6729,-5.0047,-8.0508,-2.8499,-7.702,-1.0724,2.5675,-4.3098,84.3522262558786
-6.7144,-5.1016,-5.1476,1.83,-6.6817,-4.5232,-8.3562,-3.9029,-5.9524,-4.9393,113.20997725726316
-4.1843,-1.1883,-7.1943,-4.5321,-4.2737,-4.206,-7.8611,-2.9352,-0.38287,-3.8854,56.6789780533494
-6.3247,-11.433,-3.3653,-6.4395,-2.8,-7.4434,-5.7837,-2.0699,-2.7603,-3.0943,12.48996537953738
-2.5836,-8.228,-2.9229,-3.3658,-5.3945,-5.6228,-2.6827,-6.389,-5.8897,-6.8725,50.132264406301104
-6.8404,-3.2256,-9.0658,-6.1574,-4.2834,-5.0847,-7.0488,-7.1116,-5.7118,-6.9452,58.350459795673444
0.061302,-3.6994,-4.3479,-4.9325,-1.9936,-3.3075,-5.3296,-4.4432,-0.87958,-7.6553,35.92787666200778
-5.8623,-2.8024,-3.0803,-3.4052,-1.018,-5.7099,-6.0781,-4.3156,-5.2083,-7.3413,56.340893306203625
-5.2126,-6.4309,-1.7409,-4.6159,-3.0494,-5.2063,-1.8611,-7.0675,-5.2582,-9.0852,30.973077217486363
-0.035316,-8.4019,-4.3988,-9.1378,-2.4745,-7.0447,-4.5752,1.6327,-0.50126,-7.9597,29.170940037317617
-3.313,-0.38483,-0.10757,-2.5254,-4.0039,-6.1103,-4.3475,-4.2061,-2.8908,-3.0894,63.706684999313076
-3.4612,0.56858,-6.1732,-1.8145,-3.5546,-5.0491,-0.95387,-2.1692,-3.9791,-7.3149,39.97190412216383
-0.40817,-4.8319,-0.69532,-5.6531,-6.4315,-6.8005,-6.2067,-10.864,-5.2793,-5.6719,83.58781831977589
-8.3739,-4.5318,-5.0039,-6.5647,-0.87898,-3.9678,-5.3768,-2.8523,-4.3857,-3.4356,24.560320065539415
-9.6858,-4.4963,-2.3866,-1.6267,-4.3312,-5.2197,-5.3024,-4.3488,-2.3302,-4.6661,46.56049652194147
-3.1746,-9.7082,-5.7287,-4.3578,-5.2235,-5.0106,-5.4177,-2.6143,-6.3646,-6.0126,70.95534459233784
-6.6036,-6.4631,-4.0357,-2.1518,-3.8495,-6.3658,-4.6844,-2.6475,-7.0479,-5.9008,66.41941046474022
-3.0944,-3.1845,-7.5224,-6.2253,-2.3373,-3.9351,-8.0339,-8.9782,-6.0682,-5.1187,52.332129872538495
-6.7762,-3.9868,-7.0128,-5.44,-9.8266,-5.221,-0.50865,-9.1178,-0.40576,-4.6607,9.41900610410248
-3.9311,-2.288,-0.58212,-2.5691,-3.7176,-3.2961,-3.1865,-9.7739,-5.823,0.040401,37.88345566765958
-8.5393,-3.9999,-4.0415,-4.5537,-0.33873,-4.1382,-1.7324,-3.4213,-10.58,-4.0659,36.86577078366266
-3.0345,-7.9204,-5.8647,-7.3497,-5.4786,-2.9607,-6.3522,-8.3644,-5.51,-4.5898,59.20964632632329
-3.5296,1.6353,-1.1909,-6.0825,-3.3568,-4.7823,-5.9798,-7.2287,0.16804,0.58265,31.788865743917942
-9.1412,-6.6189,-2.9522,-1.0524,-6.1884,-3.0276,-5.1175,-1.3059,-4.5464,-3.172,83.07516270010444
-2.2349,-4.2091,-3.267,-5.2048,-5.8507,-5.7035,-1.0612,-4.551,-3.9296,-4.1216,38.120456147841786
-3.7014,-3.7678,-9.3366,-5.729,-3.3119,-4.2199,-3.77,0.72502,-4.6179,-6.2036,47.211088330031124
-3.5252,-4.9882,-4.0806,-4.4899,-5.6001,-5.4681,-5.123,-6.2765,-5.0237,-4.0925,63.10080391640021
-6.244,-2.8102,-4.6959,-7.6259,0.64384,-4.7207,-5.2003,-6.6907,-2.2892,-4.9,-9.070098938193306
-5.606,-7.3388,-5.2242,-8.9037,-6.626,-5.1223,1.4565,-7.9255,-8.6315,-9.3129,38.359728761987476
-1.9147,-8.4993,-7.5188,0.67506,-5.6362,-5.8493,-1.7975,-7.9838,-3.61,-4.0687,-8.118227498663028
-5.1255,-1.8541,-2.0554,1.4968,-4.2356,-3.2246,-7.3945,-7.9938,-3.891,-4.554,80.93892421820885
-5.7295,-5.1261,-6.2316,-8.315,-4.5278,-3.5906,-7.0166,-6.5951,-2.9471,-1.1446,36.75500448390341
-6.4612,-3.1151,-4.9203,-5.2975,-4.1651,-6.1511,-5.3444,-0.33756,-2.1288,-5.3373,56.78476785505064
-1.5119,-4.5571,-3.4348,-3.0238,-9.0088,-1.931,-5.163,-6.8463,-0.9863,-5.6236,88.51212728033522
-4.4551,0.89037,-2.2991,-8.9729,-2.4786,-7.3242,-4.473,2.3356,-6.9395,-7.9314,110.6446514807571
-0.54888,-7.3097,-4.0835,-3.827,-0.50526,-3.395,-7.8695,-6.5848,-3.8138,-1.685,22.996665162063838
-7.982,-5.65,-7.2833,-9.0648,-9.8524,-5.2701,-4.5931,-7.6514,-5.3746,-5.5134,78.51892867406204
-4.9235,-3.3843,-4.586,-4.1709,-6.0368,-3.7533,-5.3194,-5.6469,-3.0207,-4.3471,65.44531332186538
-2.8846,-2.9338,-2.8392,-5.2982,-0.91569,-5.2791,-6.0126,-6.8177,-2.8637,-5.922,29.41346258315108
-3.4554,-8.1208,-5.1774,-3.9201,-7.631,-4.9727,-4.5544,-2.2454,-4.0673,-4.8796,75.93096362256135
-4.3611,-5.3858,-3.0635,-5.5289,-1.4853,-3.3401,-5.518,-2.1107,-3.0969,-4.5421,42.04673653063642
-6.6781,-3.4578,-5.9039,-8.5659,-6.0274,-6.0501,-8.0115,-3.0465,-3.2971,-2.4276,78.4934295070415
-4.8954,-4.3619,-5.8651,-5.181,-1.2868,-3.5725,-2.6625,-4.0321,-1.5389,-2.4572,-19.940075637597683
-1.7191,-6.8121,-8.9808,-0.66053,-5.5011,-6.0114,-3.515,-7.3149,-4.035,-5.1683,13.255119384609566
-1.8233,-4.6198,-4.7039,-5.6889,-2.6693,-4.9626,-3.0954,-4.9912,-1.5098,-5.4284,6.0227980157400545
-2.7131,-4.1899,-4.8276,-6.8239,-4.5945,-2.3368,-10.519,-5.8671,-7.6414,-2.0209,122.23074427933489
-5.5715,-9.3295,-3.9853,-0.78089,-3.1181,-4.2823,-6.2194,2.2221,-4.7254,-4.358,69.70872615039902
-4.0021,-1.0414,-6.5999,-6.1078,-3.895,-1.2637,-2.3529,-12.134,-2.7123,-2.9833,-4.143048832844297
-7.1762,-3.3871,-4.0731,-6.643,0.084184,-7.8835,-4.1338,-1.814,-2.157,-6.8344,2.2745806737092407
-5.2526,-4.1146,-2.6568,-4.6171,0.91177,-3.1645,-4.1592,-2.882,-8.3263,-4.3236,46.06985588846107
1.4863,-5.5535,-7.0115,-2.7125,-10.955,-11.224,-5.0269,-7.9281,-9.8522,-6.4471,119.3053445684021
-5.3367,-5.844,-2.8157,-2.9553,-5.732,-4.6571,-1.2626,-1.1573,-8.2224,-1.4743,69.59258904630359
-0.29691,-4.6386,-1.7642,-5.3491,-2.3961,-8.6119,-6.537,-5.7937,-4.3024,-8.2831,61.16313556037034
-3.9176,-3.7543,-1.9723,-5.0614,-7.1729,-5.067,-5.5356,-3.5351,-6.5554,-3.6457,116.1631626817944
-1.9267,-5.1041,-4.4917,-6.7805,-2.0696,-7.7477,-4.3689,-5.8391,-3.2064,-4.4581,6.504091716495311
-7.7109,-6.3088,-3.507,-8.1525,-4.6277,-5.3042,-5.3646,-9.6895,-6.2969,-5.3961,48.50676154855128
-4.3333,-7.0051,-4.072,-3.6328,-4.9467,-2.8807,-5.0414,-9.5775,-7.2413,-3.4972,56.476020279649354
-2.7824,-5.5498,-7.5733,-3.3382,-2.5038,-2.7659,-6.6818,-6.2317,-7.7091,-1.5048,49.253894228856346
-6.2029,-1.396,-4.1095,-6.1878,-4.8702,-1.8404,-2.1728,-1.5622,-4.1486,-3.4024,62.9164689187215
-8.2175,-8.2257,-4.4567,-8.0013,-7.5887,-5.1645,-3.6856,-5.8576,-8.8279,-5.5067,84.92372897244098
-5.2564,-6.1592,0.050919,-5.266,-3.5679,-2.1289,-2.8838,-1.6133,-1.9162,-13.116,75.04896416719362
