-8.9022,-12.822,-12.222,-13.842,-8.6976,-12.831,-1.2207,-16.622,7.0
-28.683,-35.293,-32.651,-8.3642,-23.457,-23.476,-31.622,-19.747,2.0
-13.128,-13.145,-13.819,-10.224,-13.196,-6.8505,-4.4794,-10.894,7.0
-57.898,-54.094,-54.287,-59.82,-56.73,-52.833,-53.299,-50.715,3.0
-15.707,-10.79,-12.795,-10.003,-8.9882,-8.882,-18.039,-13.681,7.0
-18.805,-23.6,-22.576,-8.5127,-17.96,-2.5469,-5.69,-6.4788,7.0
-15.424,-4.2618,-16.632,-18.204,-11.499,-20.459,-17.738,-5.9085,7.0
-21.781,-22.266,-53.289,-32.222,-22.918,-39.22,-38.536,-41.554,2.0
-45.316,-50.968,-43.878,-42.279,-45.412,-48.152,-49.225,-45.588,3.0
-0.39101,2.4679,-1.6596,2.2932,1.0856,3.416,5.1584,4.8795,5.0
-3.8316,0.77895,0.30179,-18.857,-12.041,-9.7842,-20.059,-9.4378,7.0
29.242,32.762,19.423,28.072,31.715,30.176,31.447,21.658,4.0
-50.215,-58.499,-50.824,-50.055,-49.708,-53.435,-55.577,-58.63,3.0
-39.773,-39.41,-30.07,-28.52,-36.765,-54.631,-36.742,-46.048,3.0
-7.4769,-4.8802,-3.3971,-4.2306,-8.5185,-2.5218,-3.5677,-9.4502,5.0
14.804,11.481,14.565,14.868,6.9799,14.931,8.5458,7.5204,6.0
19.68,14.773,7.6008,15.003,9.4173,17.046,10.754,11.49,6.0
33.969,38.897,35.94,36.164,38.622,44.917,38.194,42.396,8.0
40.211,35.985,36.297,32.737,34.588,25.997,28.774,38.165,4.0
-1.1852,2.539,1.336,2.729,-0.063135,1.7345,-1.4483,1.5303,5.0
48.037,40.23,42.216,39.935,36.388,43.698,44.128,48.743,8.0
-6.6796,-5.0499,-2.6405,-5.5972,-7.6121,0.45507,-4.571,0.05885,5.0
38.411,38.453,35.329,32.471,43.234,40.469,34.97,32.045,8.0
39.652,39.065,34.332,32.736,33.235,37.995,34.292,39.094,8.0
-6.5768,-14.504,-19.713,-16.505,10.079,-3.9095,3.87,-15.413,7.0
-16.795,-25.174,-36.395,-22.834,-38.638,-34.944,-30.64,-13.772,2.0
-13.703,-5.3703,-14.7,-14.883,-14.08,-17.223,-16.031,-8.5201,7.0
34.995,35.958,38.991,38.49,37.435,35.784,38.089,40.4,8.0
35.651,34.373,44.402,35.385,38.39,40.223,35.903,41.982,8.0
38.004,40.38,37.56,43.497,47.765,40.288,39.943,41.178,8.0
-20.94,-11.34,-31.758,-32.798,-34.949,-29.635,-45.211,-27.267,2.0
32.703,34.92,34.929,43.143,39.492,30.908,37.407,33.425,4.0
-12.431,-5.8179,-4.9722,-6.2239,-16.097,-7.9365,-13.868,-25.087,7.0
3.2464,0.70913,-0.16176,0.66844,3.7399,4.5235,0.038807,3.094,5.0
-1.2255,-1.4221,2.5666,3.0244,3.116,3.9714,5.0698,2.4744,5.0
37.656,35.912,36.872,37.983,32.351,42.794,39.302,33.072,4.0
36.748,38.354,38.263,40.344,36.429,39.634,38.931,38.694,8.0
39.054,39.439,36.55,38.285,39.117,35.006,42.477,31.988,8.0
40.476,32.921,44.217,28.548,33.623,37.98,43.734,41.486,8.0
63.378,66.619,54.086,58.804,48.848,62.412,54.059,57.229,1.0
10.169,11.878,12.277,13.963,16.889,15.293,7.3951,6.9934,6.0
-11.937,-15.759,-13.461,-15.071,-13.851,-14.09,-15.513,-10.011,7.0
-9.9458,-15.23,-15.054,-4.1674,-11.838,-10.351,-20.923,-2.2633,7.0
47.786,36.97,37.728,51.713,43.954,48.338,40.329,44.591,8.0
-39.036,-42.082,-39.019,-39.068,-38.886,-37.844,-41.061,-42.715,3.0
83.504,86.861,94.906,84.237,58.696,94.217,51.899,28.951,1.0
28.817,33.086,40.412,26.897,45.837,40.181,33.228,38.686,4.0
-12.342,-13.999,-12.076,-9.4776,-15.304,-12.525,-14.126,-12.734,7.0
-52.291,-62.054,-56.035,-54.902,-52.795,-50.896,-57.426,-52.753,3.0
-47.097,-48.019,-42.058,-45.897,-43.234,-45.118,-40.761,-44.782,3.0
9.2646,2.6284,13.488,8.9206,9.397,-1.4142,17.299,16.927,6.0
10.046,12.599,10.537,9.523,12.386,16.575,11.535,17.095,6.0
-54.677,-54.088,-46.249,-53.839,-55.046,-54.113,-56.977,-59.75,3.0
51.951,68.688,63.479,67.84,51.831,57.087,58.53,54.827,1.0
37.837,27.817,31.349,29.023,47.216,29.07,30.444,31.241,4.0
3.5016,3.2829,1.8424,0.73627,-1.0306,-2.5944,1.0853,1.6874,5.0
41.363,38.57,28.53,37.847,32.797,31.581,36.295,34.195,4.0
10.401,9.1741,11.486,12.345,10.445,13.489,8.8056,5.5842,6.0
-18.176,-12.282,-0.81789,-13.555,-22.337,-25.495,-14.654,-15.469,7.0
60.94,84.005,62.789,71.134,81.171,70.125,85.157,65.55,1.0
65.247,78.992,70.639,60.265,47.775,88.554,81.89,62.865,1.0
-2.3881,5.2338,1.1479,0.79532,6.2822,2.143,0.68741,4.959,5.0
-9.1337,-9.1578,-7.2241,-4.9412,-8.1992,-3.9929,-10.206,-10.757,7.0
0.69517,-2.3301,-1.1679,-2.0692,2.1574,2.731,3.8786,2.8251,5.0
-48.946,-61.802,-49.809,-56.016,-51.16,-59.62,-47.233,-52.244,3.0
2.1601,0.99664,-0.19459,-1.6818,-0.72382,-1.7842,0.6817,2.946,5.0
60.717,68.883,61.811,58.172,56.258,48.798,52.719,47.387,1.0
-14.894,-11.969,-13.45,-13.817,-10.838,-14.468,-15.951,-13.789,7.0
31.172,40.766,35.15,38.094,38.306,32.495,36.339,35.036,4.0
27.48,36.247,31.449,35.834,36.292,33.931,41.105,37.732,4.0
-21.104,-22.174,-32.163,-26.595,-40.891,-26.72,-44.169,-35.5,2.0
-5.905,-11.904,-16.995,-5.117,-9.6608,-26.35,-29.341,-10.05,7.0
-39.971,-42.057,-39.91,-39.037,-40.982,-39.162,-40.733,-42.433,3.0
25.593,42.458,42.771,37.364,32.489,39.699,39.517,40.248,8.0
-16.912,-11.026,-21.262,-12.771,-14.922,-15.94,-9.8954,-10.761,7.0
22.86,31.243,39.908,41.935,39.759,42.987,33.965,27.814,4.0
33.736,32.736,30.103,37.635,31.8,31.575,31.419,29.533,4.0
-39.933,-38.747,-40.684,-39.659,-43.266,-41.177,-41.98,-40.136,3.0
5.9151,-15.23,-5.6364,-3.7819,-27.915,-16.155,1.5303,-23.699,7.0
-14.724,-13.508,-9.9735,-10.756,-7.5427,-11.712,-7.5623,-12.053,7.0
52.556,48.474,49.152,53.84,63.08,58.277,62.952,66.801,1.0
38.34,39.611,33.473,32.875,34.964,38.254,36.029,41.904,8.0
13.5,18.091,10.458,14.527,10.529,15.626,11.279,9.4731,6.0
-3.0202,-2.5177,-5.8753,-3.356,-1.9844,-6.3767,-2.8023,-1.4846,5.0
46.532,65.5,74.617,77.103,84.284,47.932,54.526,49.454,1.0
31.323,37.802,38.092,35.876,36.249,36.979,28.058,29.583,4.0
11.514,10.98,10.3,16.105,13.263,17.613,16.958,12.412,6.0
2.0661,1.2225,6.279,1.2406,2.0753,4.6281,6.7325,7.9409,5.0
-41.194,-38.89,-40.865,-41.074,-39.265,-41.14,-40.218,-39.753,3.0
26.367,26.214,26.8,31.323,26.572,34.943,32.763,34.115,4.0
30.835,33.209,28.902,32.751,33.903,28.532,32.375,33.706,4.0
52.59,69.384,70.526,58.931,40.813,53.923,81.525,59.939,1.0
51.564,52.786,44.945,40.463,51.741,45.599,43.394,45.791,8.0
38.745,44.327,37.259,40.108,39.318,38.283,35.531,40.431,8.0
9.3094,8.6964,7.9465,13.572,9.0884,9.5485,11.581,8.3631,6.0
-51.119,-49.487,-57.886,-55.388,-53.032,-59.142,-56.786,-49.707,3.0
-7.6987,-10.898,-12.322,-21.345,-4.0048,-8.1229,-7.9593,-14.471,7.0
40.246,43.168,46.282,42.08,43.19,44.592,38.833,39.569,8.0
-44.156,-43.557,-44.845,-42.71,-45.746,-48.818,-42.02,-46.459,3.0
56.83,56.676,45.95,58.544,60.008,48.636,58.627,59.396,1.0
24.195,40.043,37.264,24.98,38.744,32.648,31.813,32.429,4.0
-52.432,-54.332,-50.355,-55.986,-51.334,-57.441,-59.368,-54.345,3.0
45.886,50.036,49.633,43.13,45.324,48.555,49.159,53.334,8.0
-47.208,-55.996,-54.597,-51.703,-60.66,-58.891,-56.476,-48.44,3.0
34.456,38.139,32.619,44.108,33.005,37.458,32.802,37.575,4.0
48.295,45.5,50.922,50.63,43.386,39.309,52.026,44.672,8.0
39.108,40.13,33.758,45.342,43.071,43.943,45.253,36.172,8.0
-13.904,-13.164,-16.272,-14.331,-12.153,-14.285,-9.777,-16.704,7.0
-59.798,-53.04,-55.016,-56.214,-52.887,-51.9,-58.985,-56.09,3.0
-12.189,-6.0574,-22.281,-6.9268,-7.2951,-7.3718,-19.758,-1.4319,7.0
-48.024,-44.728,-47.092,-45.013,-48.518,-43.829,-46.102,-47.083,3.0
46.35,46.793,48.253,38.322,49.672,44.587,49.542,53.832,8.0
-12.031,-15.307,-7.4116,-8.2825,-15.894,-11.089,-15.092,-14.293,7.0
-4.7605,-13.831,-19.411,-26.858,-14.955,-14.305,-6.8057,-7.069,7.0
32.528,28.746,27.826,28.449,29.827,32.042,35.151,32.085,4.0
-0.0084755,-7.0486,-5.3997,-3.4469,-4.271,-9.6499,-9.633,-3.5737,5.0
-17.668,-13.857,-17.518,-13.299,-12.569,-13.747,-16.565,-11.448,7.0
-30.924,-31.075,-42.37,-60.258,-64.705,-28.019,-56.526,-42.786,3.0
-47.669,-26.63,-56.83,-42.394,-29.259,-32.249,-39.106,-5.3307,2.0
37.472,37.756,34.975,40.146,36.477,36.23,36.115,37.153,8.0
14.778,14.523,8.7547,10.016,13.398,11.296,14.388,13.361,6.0
36.521,35.824,42.578,39.243,38.766,38.29,39.942,35.293,8.0
11.532,10.876,6.8197,12.169,16.093,8.7505,10.541,9.6949,6.0
-43.975,-46.844,-44.944,-50.51,-44.007,-44.601,-47.872,-53.149,3.0
38.375,37.609,33.848,37.604,39.728,38.689,41.835,36.594,8.0
-0.76919,-1.8436,4.4393,2.1714,2.3788,-3.0829,0.16241,-1.617,5.0
-14.062,-15.023,-14.006,-14.413,-15.302,-15.105,-13.615,-13.657,7.0
40.751,41.923,50.749,53.057,47.555,45.304,40.921,43.742,8.0
-56.26,-57.598,-49.914,-56.498,-50.928,-49.645,-51.919,-57.305,3.0
-0.3524,2.6889,0.78178,0.92401,1.254,2.7281,1.9953,-0.17692,5.0
-20.258,-17.446,-5.043,-13.866,-17.447,-16.176,-4.172,-19.186,7.0
-8.5079,-3.674,-12.303,-18.779,-16.044,-15.183,-19.761,-18.596,7.0
48.99,48.105,39.735,46.043,40.792,45.458,38.269,49.69,8.0
-0.3493,-9.4419,-4.2768,-5.4787,-8.2179,-2.8879,-6.7631,-3.9101,5.0
-5.2911,-4.7719,-6.4398,-4.8503,-4.091,-8.2412,-2.8293,0.13004,5.0
2.7822,-1.2497,0.90401,1.9542,5.3417,2.6903,-2.8219,-1.5685,5.0
45.086,42.595,39.759,38.876,38.42,41.811,38.092,35.996,8.0
30.903,37.365,39.659,41.735,35.053,33.911,38.26,38.608,8.0
-18.022,-32.785,-39.5,-38.62,-39.807,-26.294,-6.0742,-34.445,2.0
2.8407,2.7332,-1.0533,4.6825,0.38281,1.533,2.6429,-1.2041,5.0
39.524,50.987,38.933,46.587,42.115,36.068,37.962,44.979,8.0
12.202,11.526,10.015,11.91,10.16,9.2546,6.6944,9.1592,6.0
-32.858,-21.103,-39.564,-23.575,-32.008,-44.882,-69.676,-28.338,2.0
-1.6513,-2.0402,-8.1932,-4.715,-3.3777,-4.0562,-4.7779,-5.1371,5.0
10.863,9.6832,9.4016,9.411,9.7284,10.3,9.7363,10.673,6.0
-13.612,-13.952,-14.488,-13.196,-14.226,-14.529,-14.551,-13.903,7.0
-13.276,-17.306,-16.954,-17.757,-2.2674,-9.4485,1.8598,-10.149,7.0
-47.685,-53.421,-53.983,-55.805,-59.968,-53.013,-56.387,-53.519,3.0
39.971,33.283,47.342,47.258,29.613,44.853,40.69,42.604,8.0
-12.89,-6.4808,-17.509,-16.451,-8.8164,-18.81,-11.872,-16.257,7.0
-11.352,-12.487,-15.155,-16.397,-23.836,-14.483,-15.568,-13.705,7.0
-0.96109,-7.0854,-14.97,-19.754,-4.3087,-6.0733,-12.306,-5.7533,7.0
-33.278,-35.601,-17.359,-29.495,-24.59,-41.82,-27.512,-49.485,2.0
-32.709,-20.359,-41.531,-51.087,-48.724,-35.868,-23.389,-22.241,2.0
37.219,32.107,36.111,40.568,36.804,34.131,37.665,40.684,4.0
8.9201,9.5735,8.6883,11.947,8.8819,15.919,14.811,13.489,6.0
37.228,36.997,35.015,33.453,39.311,43.42,35.296,31.94,4.0
-1.2151,1.046,1.1068,0.60479,-0.15701,2.3017,-0.97407,6.5926,5.0
30.864,43.794,35.482,30.582,33.345,33.376,30.558,36.536,4.0
35.574,41.039,38.11,39.924,38.484,38.801,37.086,37.094,8.0
3.1064,7.7607,3.7864,6.202,3.5334,5.4631,-1.9766,3.5862,5.0
5.552,3.3966,4.7326,2.3572,0.79004,2.8309,4.4988,2.5788,5.0
46.564,37.927,34.766,41.355,42.802,37.643,30.939,32.944,8.0
3.4618,0.57781,-9.4855,-4.7768,-6.3164,-0.86642,-10.411,-14.198,5.0
-49.658,-53.432,-49.65,-45.342,-50.1,-46.285,-44.041,-41.218,3.0
11.279,15.153,14.244,12.829,11.617,10.571,11.588,11.149,6.0
-56.783,-54.613,-52.611,-58.967,-53.45,-49.453,-62.737,-53.412,3.0
74.242,69.853,58.74,74.373,72.447,50.314,61.755,55.397,1.0
80.436,98.291,55.413,65.862,62.056,79.21,69.516,53.7,1.0
-11.861,-4.153,-22.132,-12.102,-18.127,-17.447,-16.967,-8.0953,7.0
50.369,38.711,45.274,36.891,42.884,48.167,52.242,50.409,8.0
30.093,23.354,34.358,27.182,26.503,26.075,31.876,27.459,4.0
-19.963,-9.7162,-15.876,-12.079,-13.692,-19.498,-9.0584,-11.11,7.0
37.199,41.793,35.273,41.95,35.98,37.974,36.482,38.732,8.0
-6.0983,-31.623,-22.114,-32.68,-40.496,-38.245,-47.556,-50.802,2.0
41.674,60.906,49.622,64.474,55.918,49.809,55.173,53.076,1.0
-40.123,-38.611,-40.969,-37.36,-40.183,-41.738,-40.574,-41.385,3.0
29.477,45.09,33.877,33.742,28.703,27.754,26.481,40.176,4.0
-73.425,-35.295,-38.74,-27.415,-23.885,-15.174,-22.117,-16.202,2.0
-8.0319,-8.3225,-8.6791,2.0253,-15.658,-10.144,-9.2781,-10.813,7.0
10.595,6.6909,11.213,8.9818,10.407,10.347,10.594,9.5093,6.0
-52.718,-31.376,-33.344,-30.507,-50.627,-37.063,-52.739,-23.838,3.0
-55.414,-48.439,-45.077,-46.871,-39.914,-44.987,-42.914,-45.09,3.0
76.42,78.395,61.255,64.636,53.557,89.327,95.062,59.666,1.0
-18.041,-22.436,-8.7117,-25.424,-5.1467,-1.5471,-9.6676,3.2384,7.0
27.884,33.361,35.892,36.146,38.086,35.909,42.038,33.795,4.0
35.331,43.266,34.99,30.122,35.926,38.837,42.951,36.063,8.0
-10.628,-9.7696,-16.738,-10.61,-15.262,-8.3569,-25.092,-11.35,7.0
40.973,45.527,44.569,56.257,47.112,45.794,51.825,44.14,8.0
-12.122,-15.705,-10.332,-13.372,-13.349,-16.025,-14.158,-13.66,7.0
65.309,71.23,60.762,68.258,67.633,82.263,72.067,67.103,1.0
26.581,36.348,28.349,29.597,29.802,30.702,27.049,19.544,4.0
35.314,35.831,21.446,38.866,43.757,45.024,32.036,39.341,4.0
-40.753,-42.852,-40.555,-38.843,-37.613,-43.426,-43.986,-40.726,3.0
14.692,10.2,14.953,11.166,17.622,8.829,12.54,8.9845,6.0
16.172,11.533,10.763,10.677,17.592,15.146,14.292,10.127,6.0
25.141,34.289,32.623,30.889,31.403,41.041,29.53,28.416,4.0
-6.7011,-11.448,-5.197,-11.601,-12.575,-0.0016689,-9.7597,-17.961,7.0
64.029,59.975,57.253,59.18,59.162,53.681,50.109,72.532,1.0
56.794,42.744,45.012,42.233,50.216,42.981,49.894,36.393,8.0
38.986,42.158,33.588,44.221,38.743,37.52,39.723,43.225,8.0
-7.7667,-11.343,-19.334,-4.1621,-2.6379,-9.0909,-24.995,5.4223,7.0
56.547,62.437,63.869,54.704,69.734,48.835,81.225,56.64,1.0
10.711,12.274,11.811,11.511,9.3534,11.861,9.9825,9.5983,6.0
15.961,14.536,17.363,10.259,7.3052,14.668,8.0415,13.509,6.0
34.793,41.078,31.286,39.508,40.427,43.565,39.187,37.231,8.0
1.4509,2.9787,2.8659,-0.42759,2.25,3.6264,6.2157,1.6896,5.0
-14.775,-12.519,-9.1699,-12.308,-18.967,-12.763,-14.895,-14.702,7.0
65.001,56.811,63.167,55.7,61.744,64.613,59.739,65.705,1.0
78.192,42.519,89.255,104.26,93.661,96.766,71.196,52.124,1.0
33.738,35.705,28.635,45.284,35.29,39.016,35.014,31.583,4.0
32.562,37.925,34.079,36.439,37.797,34.449,38.649,36.902,4.0
42.071,43.484,35.485,49.033,36.658,32.574,43.438,37.865,8.0
-18.225,-8.7304,-7.9843,-6.2955,-3.5026,-5.8112,-8.3579,-9.8301,7.0
36.297,37.809,35.268,31.927,38.208,36.203,39.134,38.059,8.0
-41.881,-42.053,-18.047,-32.831,-18.258,-53.667,-27.448,-39.076,2.0
12.815,8.8483,8.8165,10.769,9.4627,10.299,10.897,8.7954,6.0
-7.871,-15.934,-59.401,-21.827,-34.38,-30.401,-16.523,-39.28,2.0
-7.944,-10.585,-9.151,-19.789,-21.491,-11.881,-19.103,-15.527,7.0
7.6663,11.599,10.93,10.302,9.1327,10.577,10.113,8.9349,6.0
19.473,15.481,11.05,10.713,6.9899,10.313,11.664,11.678,6.0
2.1081,1.2931,0.58911,1.0548,2.3059,1.3605,-0.89504,-1.4021,5.0
83.422,60.974,71.793,66.334,43.414,81.946,62.37,63.387,1.0
-16.007,-17.584,-21.582,-16.27,-20.472,-6.204,-18.01,-4.6957,7.0
9.9339,11.138,7.8808,10.208,9.7029,8.9687,8.0249,9.8763,6.0
40.558,41.007,29.491,33.318,35.684,38.28,38.214,36.123,8.0
31.166,35.614,36.245,40.033,32.807,34.797,34.506,29.339,4.0
60.53,57.334,57.06,67.545,56.517,50.052,48.995,63.542,1.0
28.995,25.377,23.897,32.119,38.322,23.455,36.634,30.1,4.0
4.2863,1.7614,1.4216,-0.088803,2.8966,3.1421,5.3951,6.1555,5.0
-56.453,-52.101,-58.405,-59.198,-56.999,-58.251,-52.948,-51.841,3.0
29.936,44.229,42.062,43.417,37.513,40.444,36.194,36.239,8.0
-14.351,-14.649,-13.156,-14.976,-15.845,-11.194,-12.853,-12.051,7.0
-63.459,-51.11,-51.566,-59.06,-53.399,-57.98,-57.583,-57.018,3.0
-5.6687,-12.765,-4.3456,-10.93,-8.2017,-13.119,-8.5521,-8.085,7.0
41.801,46.84,41.294,47.464,47.728,44.483,43.671,48.692,8.0
10.869,11.371,9.6994,11.81,14.785,8.4097,12.287,7.5806,6.0
35.505,37.772,35.755,38.865,36.453,34.336,38.176,36.661,4.0
-13.997,-14.146,-12.355,-13.266,-16.463,-12.45,-13.172,-13.006,7.0
-40.913,-42.14,-38.966,-39.634,-40.795,-41.576,-40.656,-40.312,3.0
42.57,75.367,48.782,49.712,81.27,48.714,68.928,84.891,1.0
-39.611,-45.567,-44.916,-47.755,-49.534,-45.638,-43.251,-50.483,3.0
3.7106,0.16143,2.8338,1.0677,-1.0982,3.3343,0.083197,1.9059,5.0
40.494,53.793,39.177,40.658,34.048,37.256,43.533,38.969,8.0
-2.8571,-1.2988,-8.6491,-3.7252,-3.157,-5.6143,-4.741,0.11537,5.0
-12.702,-14.318,-13.351,-13.908,-12.002,-14.268,-17.716,-15.118,7.0
-41.71,-19.935,-26.211,-48.825,-44.02,-45.797,-43.249,-35.225,3.0
-39.102,-38.512,-41.894,-41.149,-38.982,-40.561,-38.434,-40.868,3.0
13.055,9.6408,6.5532,9.0291,0.68083,8.1099,13.497,13.641,6.0
-9.4764,-13.699,-11.937,-14.008,-11.664,-12.921,-16.392,-10.684,7.0
31.33,32.118,32.961,32.753,32.943,34.664,23.237,37.986,4.0
16.036,11.896,10.738,12.349,3.2694,9.3556,15.179,17.053,6.0
40.717,48.805,43.19,44.91,34.738,37.308,43.028,53.705,8.0
-42.699,-37.733,-25.55,-33.317,-48.512,-50.056,-32.019,-36.659,3.0
-0.40053,-3.8714,-13.292,-7.8851,-1.5879,-2.8237,-4.3067,-5.8779,5.0
14.881,9.7902,17.678,14.196,19.128,12.133,13.671,7.1039,6.0
-1.7548,1.0967,-9.7389,-2.3607,-2.5276,-1.1544,-8.1682,-1.1865,5.0
10.045,10.674,13.179,7.234,17.611,13.505,8.6393,11.116,6.0
-21.626,-24.513,-31.12,-23.485,-15.079,-34.385,-28.339,-37.953,2.0
-40.147,-43.703,-42.84,-47.494,-45.76,-45.123,-48.307,-45.655,3.0
34.862,34.662,37.245,33.819,37.644,37.06,35.106,40.409,4.0
59.762,55.636,96.106,74.641,86.176,59.871,81.621,72.552,1.0
-51.591,-46.905,-41.021,-45.941,-48.057,-48.812,-44.152,-46.929,3.0
1.0746,-0.16029,2.1563,-0.165,0.4942,-1.1108,-1.663,-0.96088,5.0
52.095,61.138,56.964,64.416,64.932,63.274,57.859,52.559,1.0
11.879,16.672,15.834,9.8127,12.799,15.114,18.541,8.1994,6.0
70.235,66.584,63.677,68.538,72.547,62.859,63.169,70.475,1.0
40.39,35.587,34.469,37.737,39.355,36.516,33.135,36.767,8.0
84.394,57.39,81.461,65.817,83.397,84.631,52.431,50.028,1.0
2.7537,0.54747,3.5249,1.656,6.1479,2.4583,1.8132,3.5784,5.0
41.19,32.224,32.946,38.873,40.534,37.589,45.253,42.749,8.0
13.169,14.384,9.5078,9.2719,7.7502,11.427,8.4168,11.09,6.0
40.968,36.627,34.089,39.841,38.178,34.192,39.158,41.016,8.0
43.679,38.302,34.864,46.057,46.169,37.62,42.267,37.625,8.0
-10.048,-0.32041,-14.852,-2.8201,3.7421,-10.319,-20.204,-16.608,7.0
-10.916,-6.8625,-9.891,-6.9805,-13.638,-12.971,-7.4996,-11.275,7.0
42.846,53.261,47.966,48.024,44.123,44.134,40.459,49.405,8.0
-11.243,-20.941,-10.182,-11.643,-14.094,-16.508,-10.902,-15.926,7.0
-25.471,-39.192,-33.79,-38.739,-40.151,-34.922,-41.558,-35.322,3.0
43.161,44.158,43.672,50.796,43.151,44.308,45.688,52.994,8.0
-52.876,-51.321,-54.344,-61.054,-57.385,-48.324,-52.75,-54.747,3.0
-7.3709,-11.032,-12.386,-18.701,-8.3049,-4.9791,-12.905,-16.613,7.0
1.3015,1.0702,-0.51588,-0.38273,2.8973,4.1205,1.5474,-1.3776,5.0
-15.264,-11.611,-9.856,-13.986,-11.871,-11.393,-13.364,-12.132,7.0
-41.766,-42.367,-42.442,-39.388,-38.68,-41.181,-41.673,-38.586,3.0
-12.323,-15.515,-3.3971,-7.6398,-5.4313,-11.672,-7.9772,-6.5705,7.0
10.781,11.236,10.405,10.262,6.1478,10.009,9.7256,9.7774,6.0
-59.523,-33.435,-30.18,-60.76,-24.381,-43.608,-29.048,-42.433,3.0
-10.705,-2.421,-2.4037,-10.691,-6.249,-3.2048,-3.0997,-6.5515,5.0
-40.631,-22.273,-56.018,-23.544,-54.733,-20.925,-50.556,-42.186,3.0
-15.524,-28.621,-36.492,-14.145,-22.506,-45.832,-12.371,4.8527,2.0
13.516,14.213,18.773,11.361,17.461,8.2802,9.573,11.312,6.0
-15.162,-11.695,-15.782,-14.879,-16.539,-12.527,-13.466,-13.732,7.0
39.16,49.669,47.02,52.318,38.307,46.678,45.363,43.274,8.0
40.11,39.776,35.875,36.077,36.593,40.209,32.735,36.075,8.0
36.311,32.137,45.879,32.064,45.863,40.648,25.86,34.482,8.0
-43.434,-45.544,-45.498,-40.551,-39.56,-37.773,-45.13,-47.49,3.0
-2.3452,-1.5021,3.7591,0.26293,-1.3351,-0.18912,0.93717,1.4064,5.0
9.1914,9.1252,10.777,11.732,8.6902,9.6646,8.7214,9.4504,6.0
-49.43,-44.68,-44.821,-47.321,-43.412,-46.53,-49.315,-37.766,3.0
37.596,37.891,38.907,34.721,38.344,40.525,34.494,37.977,8.0
12.303,12.275,12.428,12.657,8.9495,12.107,10.624,11.728,6.0
-45.721,-46.536,-40.911,-44.014,-47.634,-41.342,-46.118,-43.436,3.0
-17.845,-32.023,-47.02,-32.282,-24.578,-21.929,-48.382,-42.117,2.0
0.5306,-13.219,-15.273,-4.7689,-11.974,-10.068,-16.606,-15.037,7.0
1.4266,3.1553,3.3877,7.2574,2.049,8.6244,7.7988,1.7406,5.0
-40.106,-40.64,-41.779,-39.304,-42.702,-40.924,-38.569,-39.769,3.0
-7.7009,1.2922,-18.243,-13.192,-3.7884,-4.7063,5.0881,-6.1919,5.0
-34.174,-24.831,-18.781,-47.784,-11.314,-41.063,-28.121,-31.876,2.0
-9.811,-9.0363,-13.792,-5.6685,-9.4583,-15.134,-7.5956,-12.531,7.0
30.224,28.059,28.346,36.896,42.363,37.14,42.626,37.115,4.0
-40.491,-42.173,-38.345,-41.626,-39.917,-39.556,-39.84,-42.22,3.0
23.487,29.389,21.87,24.862,28.809,31.503,35.796,37.397,4.0
36.426,49.582,42.806,47.907,50.807,42.626,39.736,38.88,8.0
-42.465,-40.623,-43.747,-47.642,-49.027,-42.724,-44.301,-45.518,3.0
38.658,29.602,36.493,28.504,38.993,37.048,40.728,35.332,4.0
-10.439,-9.2511,-9.3839,-2.7879,-3.5579,-0.39759,-14.626,1.573,5.0
80.047,77.252,86.247,62.431,79.333,82.615,62.157,61.385,1.0
3.9903,3.8268,4.4789,5.4891,5.8617,2.9707,0.40557,1.0439,5.0
-0.063141,-0.98289,-1.2382,2.2781,3.406,-0.61999,4.3591,-0.96931,5.0
9.1612,10.217,9.7779,9.0924,9.277,8.4661,12.22,11.321,6.0
-42.033,-40.657,-40.725,-39.33,-39.206,-39.449,-40.545,-42.38,3.0
32.248,36.666,32.166,39.241,33.912,35.394,34.445,41.091,4.0
29.158,29.729,35.198,30.347,29.386,24.758,35.733,31.323,4.0
27.746,26.163,32.942,26.342,24.122,25.718,31.256,33.834,4.0
41.898,31.77,33.915,36.542,37.254,32.077,40.501,47.318,8.0
9.1937,10.609,18.781,7.6434,14.556,12.345,11.785,12.416,6.0
-44.346,-51.705,-32.867,-26.129,-35.108,-27.179,-54.18,-27.324,3.0
-52.919,-59.409,-57.017,-49.112,-53.936,-54.421,-51.913,-54.296,3.0
64.382,56.282,46.851,63.401,54.376,57.647,57.002,54.959,1.0
4.4521,0.59947,4.1209,3.6897,3.9702,6.3402,2.8824,-1.152,5.0
71.744,71.638,78.734,71.878,78.055,65.422,81.793,67.344,1.0
40.115,37.235,34.479,41.005,28.82,36.619,48.703,34.487,4.0
12.998,11.758,7.6596,16.141,9.5852,8.888,19.735,7.8165,6.0
43.515,42.933,29.385,36.341,36.966,30.162,38.522,29.115,4.0
35.354,37.85,35.167,27.977,41.34,35.332,44.285,30.163,4.0
1.2589,-1.9054,1.735,-0.21779,2.2752,0.21178,1.5974,-1.2694,5.0
9.7165,8.7846,8.9485,9.9826,8.7899,10.143,9.31,10.845,6.0
36.445,23.534,30.319,30.111,31.671,23.476,25.711,35.686,4.0
-9.0654,-9.0734,-2.9729,3.3471,-10.104,-13.022,-9.5546,-8.2736,7.0
28.935,27.132,33.609,38.011,28.734,28.675,31.8,30.272,4.0
2.1571,0.99995,1.7248,-0.38819,-0.7553,-0.67659,-0.23381,1.0187,5.0
-53.264,-52.491,-50.783,-57.619,-53.546,-54.412,-58.863,-54.692,3.0
87.352,67.643,71.153,63.279,78.166,93.625,63.589,82.222,1.0
-45.219,-41.303,-36.298,-48.465,-43.384,-42.815,-41.611,-47.771,3.0
-20.691,-26.379,-27.029,-40.839,-66.078,-54.223,-5.107,-41.49,2.0
4.7429,3.4485,1.3376,1.0853,1.8339,1.3904,-0.21396,0.889,5.0
-9.5586,-6.6594,-15.942,-21.75,-11.147,-15.056,-12.769,-15.136,7.0
10.31,15.728,11.088,14.28,13.333,14.383,11.47,16.177,6.0
41.27,34.979,37.717,30.74,38.858,42.729,33.073,44.881,8.0
13.203,10.583,15.752,14.819,10.019,14.365,9.3195,10.929,6.0
47.894,39.543,43.574,46.051,47.557,44.762,44.953,54.836,8.0
49.019,35.108,40.669,45.858,50.975,36.675,34.014,37.499,8.0
9.9471,10.771,9.0023,11.936,11.34,11.609,8.5007,10.389,6.0
40.978,34.692,39.547,33.049,36.016,31.999,35.861,38.7,4.0
29.62,27.903,29.302,28.361,34.448,35.23,31.973,34.056,4.0
-58.628,-55.139,-53.012,-56.22,-55.557,-52.015,-54.778,-48.647,3.0
71.077,68.488,101.88,66.501,76.619,60.07,63.467,70.604,1.0
-13.702,-14.338,-13.757,-12.435,-15.296,-14.058,-10.595,-13.959,7.0
-57.846,-53.121,-57.959,-58.765,-55.191,-57.429,-50.131,-55.212,3.0
-8.9153,-4.6177,-5.3237,-2.8984,-4.6279,-4.8877,-8.161,-4.2482,5.0
-16.819,-8.615,-18.313,-13.46,-13.813,-17.339,-10.851,-2.2034,7.0
39.018,48.627,39.074,30.972,44.56,39.311,35.183,36.001,8.0
-29.318,-37.909,-11.118,-53.055,-52.893,-29.922,-50.64,-34.268,3.0
2.1496,3.5374,0.11389,1.7781,-1.6299,-0.42503,3.1729,0.24448,5.0
34.352,35.74,35.482,48.247,33.001,29.894,39.074,47.847,8.0
-43.163,-41.764,-39.948,-39.153,-38.603,-39.842,-40.088,-40.873,3.0
-46.792,-18.692,-30.942,-29.02,-52.799,-38.468,-24.627,-43.917,2.0
52.854,51.398,51.003,50.784,54.928,44.614,53.575,52.01,1.0
-40.476,-41.059,-41.652,-39.029,-38.16,-40.746,-41.281,-40.637,3.0
38.655,35.449,38.379,42.148,41.216,44.705,39.943,31.558,8.0
-15.568,-14.495,-14.307,-11.499,-8.681,-16.989,-11.446,-14.778,7.0
40.133,52.376,46.033,33.655,38.323,45.534,36.421,46.296,8.0
-37.675,-13.554,-38.283,-21.758,-33.233,-12.515,-29.618,-14.623,2.0
42.028,42.407,35.562,31.423,34.058,37.899,35.703,38.157,8.0
-10.425,-20.527,-12.866,-9.2822,-8.2131,-5.4849,-16.765,-9.556,7.0
31.398,43.927,34.47,44.708,40.254,36.978,35.572,31.4,8.0
-15.094,-12.919,-16.467,-17.22,-20.128,-8.8166,-21.866,-14.415,7.0
48.187,42.719,41.729,47.963,45.259,51.43,46.144,42.635,8.0
56.594,61.116,56.637,34.602,51.633,53.425,53.768,56.327,1.0
34.154,37.205,36.01,29.166,27.873,32.707,37.776,40.918,4.0
37.329,41.683,40.701,43.334,39.507,38.019,37.986,41.989,8.0
37.487,39.079,37.648,38.945,38.669,38.582,37.41,38.234,8.0
-42.737,-41.549,-49.081,-51.64,-43.157,-47.797,-45.625,-46.797,3.0
73.239,55.624,63.853,57.627,76.663,74.861,54.829,76.004,1.0
3.5286,0.93182,2.1994,4.8568,7.7399,2.1883,2.2704,1.2655,5.0
11.189,13.194,9.539,9.7449,7.9656,7.2839,10.214,7.8164,6.0
14.815,15.529,14.783,16.867,12.385,13.612,5.623,11.584,6.0
38.901,37.093,35.548,34.895,35.07,37.664,39.409,36.724,8.0
-45.672,-36.28,-45.983,-46.34,-38.156,-46.027,-45.935,-40.374,3.0
-20.397,-20.214,-2.8654,0.53525,-19.179,-12.625,-5.8829,-1.6224,7.0
10.547,10.235,13.136,13.546,6.7284,12.795,14.927,10.954,6.0
-8.6018,1.5971,-4.5713,-21.282,-10.975,-8.2646,-13.906,-15.427,7.0
-9.9623,-2.5613,-2.5206,1.4904,-0.62915,-16.359,-6.6935,0.34388,5.0
-4.7782,-6.5931,2.6553,-14.298,-5.341,-11.05,-10.243,-9.1874,7.0
36.133,27.999,27.25,36.238,34.983,31.618,34.395,28.883,4.0
9.6213,11.754,8.6883,7.2166,6.703,18.116,15.455,14.001,6.0
32.062,38.522,40.451,38.456,28.711,38.731,39.018,41.481,8.0
40.541,40.141,38.069,37.107,42.263,39.108,45.847,33.452,8.0
-42.238,-46.169,-41.987,-47.348,-43.357,-48.399,-45.763,-42.402,3.0
8.5536,9.6653,18.808,8.1456,18.098,10.54,16.033,16.534,6.0
-11.7,-13.614,2.3325,-15.876,-4.1462,0.62044,-15.053,-1.5301,7.0
-42.689,-50.294,-46.832,-44.092,-44.162,-45.701,-41.903,-49.006,3.0
32.026,38.631,29.39,31.047,41.559,30.049,44.236,37.53,4.0
-26.097,-22.738,-26.042,-47.677,-14.938,-34.501,-29.318,-25.701,2.0
-14.847,-12.908,-11.325,-9.0275,-16.185,-19.128,-11.309,-11.071,7.0
61.047,64.332,79.562,77.371,68.146,73.528,66.159,73.732,1.0
-23.493,-17.807,-13.412,-8.2941,-13.329,-12.74,-14.267,-8.251,7.0
8.9139,10.679,9.1963,8.0531,9.3243,11.392,10.336,9.4726,6.0
39.253,39.096,38.761,41.366,41.108,39.729,40.337,35.29,8.0
-2.4601,-52.298,-20.259,-41.738,-42.266,-13.033,-22.307,-44.692,2.0
-17.86,-14.811,-7.4357,-15.884,-17.129,-6.9547,-8.0981,-21.369,7.0
-46.585,-58.647,-20.71,-34.59,-67.682,-26.842,-42.575,-43.384,3.0
1.1735,-0.57795,-1.8205,0.62536,3.523,-0.30548,2.3837,3.3503,5.0
38.541,39.245,39.48,47.915,40.268,45.097,41.193,39.345,8.0
6.3186,15.892,11.971,14.968,13.877,9.2951,14.997,6.62,6.0
-35.158,-30.943,-43.086,-44.114,-35.69,-37.992,-45.525,-37.33,3.0
3.3048,10.473,13.049,11.992,14.532,7.5301,10.33,7.9204,6.0
41.204,33.912,36.711,44.546,38.464,36.948,38.777,35.664,8.0
40.554,39.375,40.405,39.68,35.281,45.287,40.85,38.21,8.0
-17.897,-4.9706,-4.5233,-15.396,-7.2282,-15.804,-17.035,-17.916,7.0
-9.9871,-16.634,-11.783,-16.41,-6.7465,-12.62,-21.29,-11.841,7.0
-21.664,-17.737,-6.1454,-18.767,-14.055,-14.268,-5.2767,-9.2508,7.0
9.2896,10.541,10.754,10.304,11.975,11.798,8.5023,8.4887,6.0
-18.05,-17.012,-18.85,-6.1447,-9.0018,-7.286,-7.8937,-5.922,7.0
74.581,65.342,48.766,62.281,49.071,60.234,61.678,55.497,1.0
12.943,11.942,10.221,9.9658,12.365,14.162,14.778,14.533,6.0
13.668,15.907,12.4,10.343,12.208,8.7434,5.9111,11.253,6.0
-43.029,-42.599,-37.86,-39.675,-39.622,-39.612,-41.209,-38.254,3.0
-38.233,-30.357,-20.79,-29.817,-56.444,-36.191,-24.831,-38.968,2.0
-7.3929,-4.4753,-8.6109,-5.0813,-4.5018,-2.1731,-2.4525,1.7504,5.0
9.3697,10.837,9.1464,6.2303,10.119,7.6473,12.646,10.546,6.0
-22.146,-34.727,-12.404,-25.438,-35.222,11.857,-31.775,-20.477,2.0
-12.495,-10.855,-13.668,-11.655,-12.737,-22.019,-13.247,-11.423,7.0
-11.38,-2.6435,-8.3668,-9.7137,-6.3915,-16.514,-9.1893,-10.829,7.0
40.943,41.552,43.893,40.536,43.057,42.759,42.884,47.865,8.0
-48.622,-40.309,-26.336,-49.279,-5.1296,-29.487,-28.096,-26.606,2.0
-3.2344,-10.589,-13.715,-20.139,-8.2288,-11.652,-17.901,-16.785,7.0
9.1771,9.9639,8.548,9.4119,11.116,9.8494,12.613,10.507,6.0
52.621,50.534,44.321,46.525,41.915,47.462,40.848,52.373,8.0
31.692,27.578,34.126,27.44,30.376,28.023,31.796,28.282,4.0
49.837,53.764,44.36,59.104,66.204,50.727,52.935,51.614,1.0
-34.162,-30.311,-47.813,-51.818,-26.63,-42.73,-21.527,-63.069,3.0
6.2883,10.312,11.582,7.8448,10.492,11.084,8.7598,4.469,6.0
34.278,44.054,41.91,36.884,34.64,35.658,35.3,36.349,8.0
38.855,34.145,29.686,38.529,41.633,31.675,36.297,45.542,8.0
34.673,39.372,42.516,35.936,33.104,39.554,35.948,31.9,4.0
-9.9786,-13.311,-11.925,-12.882,-12.642,-11.587,-14.889,-12.349,7.0
-14.583,-6.4758,-17.891,1.334,-14.561,-10.058,-12.875,-3.4109,7.0
-40.014,-40.915,-38.958,-39.317,-39.915,-38.549,-38.345,-41.045,3.0
-12.031,-11.173,-13.418,-8.86,-13.337,-10.229,-14.302,-13.701,7.0
-3.7617,-0.84675,-9.6061,-12.901,-2.741,-3.0472,-1.0233,2.836,5.0
-14.425,-14.261,-14.385,-14.367,-15.378,-12.524,-12.969,-13.922,7.0
8.6908,11.803,11.136,13.475,8.9711,8.9426,8.76,9.1702,6.0
26.35,33.415,32.069,24.881,35.341,35.194,27.688,31.745,4.0
-11.089,-12.527,-13.575,-15.282,-17.559,-13.8,-12.808,-14.534,7.0
-10.823,-18.18,-12.99,-13.355,-1.9771,-16.018,-6.1395,-10.47,7.0
1.2874,3.1797,-0.3163,-0.74704,0.56963,2.5307,6.3998,-1.0091,5.0
47.841,47.464,37.666,52.705,39.564,50.242,53.252,57.809,1.0
-13.252,-58.568,-23.368,-49.003,-40.846,-38.82,-47.447,-26.363,3.0
52.323,62.306,57.907,68.111,55.741,74.677,55.418,60.657,1.0
9.6101,16.288,13.783,11.803,10.89,11.996,15.024,14.815,6.0
-38.278,-42.356,-41.369,-39.011,-39.911,-41.639,-39.786,-39.296,3.0
43.771,44.275,46.263,47.301,42.281,37.304,41.618,50.376,8.0
41.451,46.67,50.268,46.828,43.528,53.71,44.855,53.324,8.0
44.529,50.655,48.313,63.84,62.607,53.878,50.332,58.924,1.0
-19.225,-12.007,-15.89,-9.5417,-5.2578,-8.8611,-12.191,-17.27,7.0
-2.6415,3.1458,-13.295,-13.1,-6.5155,-3.6173,-18.096,-19.36,7.0
48.642,49.679,44.875,56.07,46.57,40.071,54.707,44.633,1.0
35.528,34.273,31.847,37.555,35.093,40.005,34.178,34.269,4.0
8.7278,15.759,7.8584,12.78,16.039,10.495,9.9603,10.14,6.0
26.904,28.583,25.041,32.48,33.637,28.206,26.498,29.112,4.0
39.665,42.003,39.814,34.432,40.071,37.354,33.593,37.261,8.0
-2.9603,0.2727,-2.0156,2.6661,0.75016,0.39591,1.9922,-1.3328,5.0
-52.413,-45.272,-41.365,-40.682,-38.361,-40.155,-29.958,-47.525,3.0
42.617,45.46,45.712,45.063,50.398,37.785,39.784,53.739,8.0
9.9944,10.014,8.3416,8.5921,10.339,9.0131,9.3471,8.8914,6.0
-58.691,-54.917,-56.939,-59.324,-55.981,-53.301,-54.43,-49.333,3.0
60.331,63.342,59.188,56.256,62.592,55.253,53.831,46.592,1.0
-0.82985,-0.84175,0.59775,2.9868,6.8252,-2.5544,1.384,-2.1212,5.0
-55.957,-59.672,-51.311,-56.855,-57.751,-56.398,-49.719,-54.889,3.0
14.057,10.8,13.98,10.576,13.472,13.155,16.699,7.7302,6.0
-0.094394,-0.57363,0.055594,0.71409,1.3377,2.0091,1.6509,1.7021,5.0
-13.726,-12.058,-16.093,-9.4595,-13.701,-21.57,-14.204,-4.6694,7.0
-13.523,-14.078,-11.754,-12.312,-13.054,-16.551,-14.972,-15.493,7.0
10.721,17.939,11.733,15.809,13.252,17.193,14.606,14.468,6.0
8.4462,8.443,8.5097,15.59,9.6807,6.3134,14.346,13.459,6.0
-1.7159,0.87626,3.3652,5.2458,0.13766,1.2804,2.4879,1.2869,5.0
39.107,28.802,30.957,30.647,15.843,31.467,27.287,29.352,4.0
-13.919,-8.8011,0.56994,-13.171,-14.594,-4.5177,-3.7034,-11.079,7.0
-56.237,-55.13,-58.587,-52.389,-53.181,-51.604,-51.237,-52.617,3.0
9.4167,9.9583,1.5393,15.114,12.977,6.1538,13.756,15.499,6.0
-53.426,-59.009,-50.314,-48.288,-58.437,-52.264,-50.434,-56.902,3.0
-2.0517,-9.0632,-11.969,-5.6669,-4.4236,-21.299,-11.489,-20.009,7.0
11.328,8.8639,11.695,8.918,11.737,10.691,15.198,13.074,6.0
-41.312,-47.891,-49.044,-45.172,-42.638,-47.771,-43.181,-46.032,3.0
-4.7845,-7.436,-7.2013,-6.0016,-1.3718,-8.4233,-3.9002,-8.2455,5.0
2.18,1.1761,1.0914,-0.50709,0.60476,1.1381,-1.359,-1.9919,5.0
-8.0379,-14.657,-9.8493,-4.1075,4.8698,-13.163,-11.525,-21.342,7.0
-55.263,-45.916,-52.987,-57.951,-54.239,-53.497,-60.285,-53.725,3.0
-1.689,-10.73,-13.811,-12.6,-14.414,-5.0747,-17.307,-11.276,7.0
12.16,16.263,9.0769,13.321,10.904,13.708,17.177,15.194,6.0
-3.9893,0.57293,-1.328,1.0922,-0.96374,-1.4151,-0.53251,4.7289,5.0
-15.379,-12.875,-14.57,-9.0193,-10.252,-5.9416,-8.5443,-9.3206,7.0
10.436,13.834,19.054,12.952,9.3365,15.275,12.311,13.828,6.0
60.842,56.065,49.167,55.3,52.617,52.614,57.19,49.444,1.0
35.235,37.951,40.521,36.32,41.252,38.553,40.368,38.617,8.0
36.713,36.826,31.657,24.57,26.422,36.279,28.851,30.654,4.0
-19.172,-24.798,-5.5083,-2.863,-0.37233,-9.5643,-6.4848,-6.9038,7.0
49.969,46.254,43.868,47.157,54.378,49.558,42.132,43.959,8.0
38.935,44.042,38.699,40.418,49.91,40.035,40.713,39.795,8.0
30.863,25.383,35.03,24.213,28.561,39.074,37.441,31.796,4.0
-50.142,-18.195,-33.812,-36.015,-33.067,-32.759,-16.399,-36.274,2.0
8.749,11.698,9.5038,11.344,8.4235,7.2769,8.1327,11.301,6.0
30.196,38.341,37.869,39.64,31.183,36.15,33.523,37.921,4.0
0.35505,1.2259,-0.10888,3.7306,2.5958,-2.0918,3.1307,5.7724,5.0
-43.501,-46.988,-53.047,-42.98,-51.362,-48.466,-47.182,-49.633,3.0
30.058,30.016,39.348,30.532,31.144,33.02,40.439,28.864,4.0
-41.551,-47.916,-45.851,-45.754,-44.099,-41.237,-43.744,-42.959,3.0
-28.884,-6.2574,-43.268,-41.275,-52.165,-26.817,-52.644,-23.354,2.0
-15.258,-9.6687,-9.3561,-13.801,-10.645,-5.3402,-15.171,6.6504,7.0
46.55,46.845,44.475,41.407,51.131,48.277,42.921,49.187,8.0
-16.344,-13.258,-12.872,-11.923,-15.622,-14.407,-12.689,-12.154,7.0
-16.716,-19.982,-18.086,-1.1067,-11.437,-14.27,-2.1724,-3.6628,7.0
31.667,31.356,36.846,41.964,42.697,30.896,36.342,41.416,4.0
1.4857,-0.663,-0.89127,6.0155,-2.1128,0.8833,0.34349,1.7937,5.0
66.056,54.979,79.211,60.79,79.059,59.696,79.581,48.811,1.0
63.678,46.026,59.36,62.391,55.903,70.168,56.921,64.236,1.0
3.704,-1.9581,1.0012,3.5706,5.6097,3.6332,1.8588,6.656,5.0
9.5709,8.7837,12.195,8.3554,10.122,11.358,12.359,11.11,6.0
36.577,35.313,40.441,30.504,37.73,36.078,39.638,46.691,8.0
10.91,9.3816,9.9714,9.6989,11.996,12.66,8.7733,10.891,6.0
-21.479,-18.372,-11.552,-54.457,-40.601,-53.422,-38.985,-40.201,2.0
-12.924,-15.625,-12.311,-13.803,-13.901,-13.656,-10.767,-16.281,7.0
30.117,39.868,32.971,32.704,44.012,35.046,30.85,35.328,4.0
26.17,40.79,36.287,36.419,34.932,33.332,34.561,41.484,4.0
-18.666,-26.004,-53.831,-60.497,-42.223,-39.891,-18.612,-13.45,2.0
11.571,9.5457,10.532,9.752,10.864,8.1477,7.5908,9.47,6.0
42.846,38.89,40.738,30.804,44.164,36.147,28.666,40.898,8.0
44.028,50.876,40.506,45.824,47.903,38.139,46.171,42.157,8.0
-18.681,-12.567,-9.9759,-16.366,-12.068,-12.319,-14.808,-20.332,7.0
56.751,94.449,55.879,69.292,65.084,65.61,91.64,61.115,1.0
-44.374,-47.979,-44.14,-46.482,-51.723,-39.981,-44.733,-45.421,3.0
12.766,13.945,10.095,9.8242,7.4893,12.546,10.152,15.629,6.0
10.088,10.237,9.2836,10.196,12.404,10.191,8.2452,9.1543,6.0
-10.324,-19.671,-10.615,-15.259,-7.7661,-18.812,-15.69,-15.705,7.0
-14.027,-14.542,-13.525,-13.892,-15.011,-17.673,-15.301,-15.895,7.0
1.446,-1.7809,-1.8662,1.8768,2.2276,-1.5461,2.0519,-1.9658,5.0
63.905,60.951,57.746,73.454,48.28,56.922,67.411,71.838,1.0
-4.4719,-13.457,-12.543,-20.361,-8.1032,-4.4289,-13.792,-10.289,7.0
-14.373,-14.539,-12.138,-12.469,-12.934,-10.146,-12.848,-12.877,7.0
-5.2413,0.63523,-13.904,-23.187,-8.2433,-10.263,-13.203,-12.64,7.0
1.3369,3.4217,0.92526,3.7163,5.1213,0.019446,3.2109,1.1357,5.0
46.942,41.002,50.869,38.491,46.285,41.621,45.673,41.969,8.0
35.433,29.897,33.909,27.526,23.957,37.769,38.112,21.34,4.0
-41.651,-44.019,-44.812,-43.456,-45.245,-44.15,-42.858,-42.894,3.0
10.893,10.077,5.7625,9.734,9.2271,13.766,10.399,13.811,6.0
-1.4786,0.90382,3.295,1.5696,3.8972,0.48123,2.0394,-0.88187,5.0
-46.258,-49.128,-49.724,-40.613,-48.855,-45.202,-50.209,-45.61,3.0
-53.472,-54.104,-52.572,-55.952,-54.95,-51.452,-54.374,-56.214,3.0
-12.851,-16.822,-11.822,-14.59,-16.149,-8.0439,-8.2742,-7.9114,7.0
59.974,63.737,47.671,66.049,65.38,63.136,62.891,51.417,1.0
11.009,10.275,9.2349,8.8074,6.6601,11.982,10.725,9.1808,6.0
12.949,10.733,13.453,9.6782,9.4982,12.903,14.577,12.431,6.0
-14.941,-14.689,-14.959,-4.5319,-9.4652,-19.06,-4.8574,-8.4275,7.0
35.091,36.622,36.444,33.87,34.761,35.399,33.176,36.869,4.0
-13.941,-5.1645,-7.1435,-12.696,-15.844,-18.794,-7.9744,-17.804,7.0
9.3669,5.9233,10.191,10.238,10.054,7.883,11.297,7.8114,6.0
1.3674,2.6343,-0.99477,-0.18871,3.5618,1.3873,4.4071,-1.0496,5.0
-12.901,-18.792,-2.0142,-5.4979,-5.9353,-7.0471,-13.846,-6.4168,7.0
-13.881,-34.684,-12.792,-35.487,-7.6651,-25.4,-11.344,-18.475,2.0
32.476,32.875,33.793,31.744,31.676,38.222,23.238,35.753,4.0
35.591,45.719,36.664,35.597,50.677,45.723,44.578,33.709,8.0
25.244,27.18,35.07,32.842,32.25,28.15,33.088,35.079,4.0
11.309,13.556,14.418,9.3548,8.7056,12.379,15.955,10.398,6.0
45.08,43.409,47.087,45.405,49.176,41.851,33.756,43.606,8.0
-0.32629,-6.3737,-4.7961,-3.0053,-1.7821,-5.4872,-3.6565,-3.3441,5.0
71.057,96.935,53.98,68.845,53.132,75.483,71.172,56.795,1.0
32.166,43.486,38.384,37.319,39.588,41.405,37.971,42.172,8.0
28.612,34.071,28.843,30.915,34.87,32.638,38.945,30.821,4.0
7.0438,12.83,11.574,15.464,10.28,12.294,18.382,9.9413,6.0
-45.915,-19.064,-23.302,-15.37,-46.386,-40.252,-35.324,-18.889,2.0
-12.999,6.6013,-17.61,-2.6047,-4.6333,-10.174,-20.013,-14.679,7.0
-11.009,-18.718,-13.756,-7.5366,-14.519,-12.801,-14.933,-16.383,7.0
4.4522,1.9124,1.9391,4.095,0.18594,1.5018,-1.492,4.3902,5.0
37.496,35.451,38.453,39.909,35.415,38.009,36.509,38.519,8.0
28.314,31.685,24.209,25.769,28.456,23.063,27.774,25.013,4.0
-41.115,-41.76,-41.296,-39.91,-41.379,-40.611,-40.873,-37.394,3.0
41.519,43.317,38.474,31.319,38.931,44.109,44.208,30.261,8.0
-4.2638,-6.0391,-12.671,-2.6859,-4.1908,-9.881,-9.5393,-22.174,7.0
51.411,42.127,42.093,44.307,47.249,55.376,44.699,50.385,8.0
44.263,43.654,40.479,44.427,37.229,42.474,39.728,34.631,8.0
-32.814,-18.692,-44.95,-56.904,-31.768,-19.332,-35.386,-35.034,2.0
-22.898,-42.921,-35.029,-59.616,-41.404,-57.699,-26.343,-55.618,3.0
-16.684,-10.9,-14.757,-15.498,-13.696,-11.912,-12.781,-14.958,7.0
9.1634,17.896,15.13,12.067,12.015,12.492,11.173,11.683,6.0
-44.535,-42.797,-43.303,-45.893,-46.928,-48.366,-47.295,-43.04,3.0
-16.459,-28.209,-60.762,-1.2188,-45.406,-50.421,2.4466,-38.244,2.0
35.416,41.429,39.985,36.687,36.221,35.398,38.143,36.853,8.0
47.279,46.011,37.232,44.908,37.284,42.098,38.245,32.691,8.0
39.317,47.723,39.335,40.355,43.259,36.976,35.158,41.611,8.0
30.563,40.269,31.984,45.957,43.079,35.909,42.095,29.446,8.0
11.297,9.0657,9.4388,9.027,9.7494,7.4843,9.9286,8.8661,6.0
-0.081921,1.4877,-1.7605,3.5769,3.1579,3.1547,2.8372,-0.38092,5.0
14.397,10.201,9.031,15.396,9.6584,13.765,12.208,11.109,6.0
0.86035,3.0667,2.5864,0.16028,0.94603,1.7655,1.4402,-0.64629,5.0
50.855,64.649,48.965,56.178,63.156,56.341,50.222,77.113,1.0
4.8048,3.8915,8.4102,4.6172,5.7098,-1.4244,4.4403,0.64819,5.0
0.22686,-2.7279,-3.8426,-3.1336,-2.652,-4.6378,-3.4912,-2.3132,5.0
-0.11306,-1.7303,-2.6393,-7.4582,-3.9122,-5.1846,-6.0451,-4.3864,5.0
10.596,9.7231,9.3653,8.9299,11.794,10.794,11.487,10.74,6.0
46.149,51.421,47.889,49.905,45.741,41.89,44.806,37.494,8.0
-25.581,-31.46,-39.251,-57.645,-44.98,-40.345,-27.367,-25.459,3.0
37.23,35.66,40.248,29.047,42.254,34.329,37.188,28.404,4.0
-13.306,-10.054,-15.802,-11.804,-13.664,-15.325,-12.291,-11.756,7.0
2.1548,6.5549,5.6469,0.69074,3.6267,0.02038,0.61055,2.5314,5.0
28.764,31.649,45.705,37.142,34.158,26.204,35.135,39.588,4.0
12.059,7.9142,9.0793,11.093,7.9254,10.108,13.655,18.245,6.0
35.67,39.657,35.529,38.897,38.097,36.245,35.31,33.423,8.0
30.096,34.783,28.252,34.905,39.411,32.9,26.442,36.737,4.0
-2.4627,-17.295,-10.494,-3.7463,-13.275,-20.232,-2.884,-10.709,7.0
34.67,34.934,36.534,51.805,35.997,46.245,40.817,43.995,8.0
35.153,31.139,34.442,39.378,36.704,29.214,37.207,42.103,4.0
40.758,41.881,33.225,33.586,32.616,48.561,42.883,42.279,8.0
-47.142,-44.88,-48.757,-34.545,-47.104,-49.748,-42.383,-46.371,3.0
-42.315,-29.544,-34.648,-37.213,-64.519,-17.417,-40.854,-14.324,2.0
84.44,73.935,78.431,48.151,86.748,92.249,47.115,76.255,1.0
8.4455,9.7901,10.55,12.648,12.568,9.1118,13.654,12.247,6.0
-50.228,-49.789,-44.69,-41.658,-39.454,-45.794,-46.335,-45.688,3.0
39.702,48.608,43.554,49.778,36.145,40.873,29.656,45.889,8.0
-1.883,0.59771,0.71856,1.814,2.227,0.89238,1.5936,-0.45716,5.0
-41.36,-39.001,-40.381,-41.761,-41.808,-41.513,-39.107,-41.224,3.0
-12.941,-13.148,-9.524,-8.4499,-12.738,-15.035,-8.7138,-12.459,7.0
38.6,38.546,41.35,37.042,32.569,31.911,32.837,32.596,4.0
-46.672,-47.241,-41.324,-49.225,-40.551,-44.567,-50.129,-43.415,3.0
30.804,34.752,41.046,38.905,36.54,41.273,44.617,30.672,4.0
-39.031,-48.336,-40.244,-43.137,-46.865,-48.585,-47.541,-47.748,3.0
11.139,9.9649,12.267,10.776,11.162,10.174,9.2114,7.7561,6.0
48.8,43.34,44.26,45.712,37.525,50.176,39.235,36.045,8.0
71.941,87.399,56.633,84.257,57.227,64.531,73.935,61.539,1.0
-7.3655,-19.292,-46.763,-57.448,-44.093,-34.46,-36.283,-18.373,2.0
52.458,59.786,65.496,62.293,61.063,55.537,58.118,55.788,1.0
10.704,10.077,9.3913,8.2852,9.9668,8.0826,8.4502,13.071,6.0
-9.3865,-27.572,-17.202,-9.7152,-14.262,-25.968,-20.918,-46.342,2.0
-49.786,-41.691,-39.096,-49.83,-38.998,-47.047,-48.674,-45.312,3.0
111.55,78.479,57.34,69.345,72.511,56.187,110.26,77.029,1.0
4.3568,-0.53367,6.0564,-3.029,6.4792,2.9114,1.0248,2.9785,5.0
39.95,34.743,39.6,36.419,35.971,35.16,35.417,35.467,4.0
-17.938,1.1591,-7.6142,-4.1764,-13.834,-15.701,2.479,-4.4508,7.0
-45.489,-39.868,-44.307,-42.253,-45.292,-43.576,-45.617,-40.276,3.0
-14.222,-12.318,-0.3948,-9.2652,-9.3767,-11.344,-15.352,-1.7778,7.0
55.255,64.749,56.351,58.752,53.22,64.48,54.359,63.889,1.0
61.194,54.833,63.759,50.828,65.998,51.834,56.74,64.241,1.0
4.4481,0.49875,3.0498,3.2996,1.9324,-0.33516,2.671,0.77296,5.0
-12.756,-15.063,-14.129,-16.017,-16.479,-15.412,-12.446,-11.285,7.0
-40.14,-39.44,-42.173,-40.107,-41.465,-39.58,-37.988,-42.394,3.0
-9.7729,-14.294,-13.847,-14.73,-14.038,-13.314,-14.889,-9.7322,7.0
54.621,60.057,58.133,59.872,67.518,63.658,56.573,48.457,1.0
-45.221,-47.161,-45.947,-44.865,-45.89,-48.879,-46.063,-43.147,3.0
-0.027807,3.1063,-0.39377,-0.099744,5.5133,1.17,1.2201,3.6742,5.0
9.6735,13.556,15.341,10.986,13.197,9.2716,17.852,10.639,6.0
-54.582,-47.21,-55.424,-55.666,-52.561,-60.671,-52.394,-56.322,3.0
37.868,27.434,37.849,37.056,27.586,35.137,42.528,37.799,4.0
-19.609,-24.021,-43.469,-39.027,-35.532,-32.426,-39.27,-17.258,2.0
36.697,34.099,38.63,37.613,33.856,35.809,37.156,36.932,4.0
-3.259,-4.1213,-6.2014,-2.9651,-4.0522,-3.9077,-5.7552,2.9188,5.0
-11.686,-12.375,-6.2521,-16.138,-18.924,-13.803,-15.766,-12.466,7.0
-3.9503,-2.0641,-8.0268,-7.8209,6.9273,-16.118,-0.3035,-18.815,5.0
4.5281,-1.8205,4.4414,4.1517,2.4655,4.4406,2.5716,1.1055,5.0
39.936,37.927,29.658,33.075,33.705,37.747,44.112,46.861,8.0
48.303,59.883,64.628,80.723,63.81,76.521,66.929,75.342,1.0
-66.173,-51.167,-27.941,-33.239,-29.319,-22.563,-22.367,-16.884,2.0
-38.896,-42.829,-21.593,-29.719,-22.824,-14.433,-3.786,-30.861,2.0
-31.064,-36.956,-21.036,-23.401,-23.49,-41.25,-28.471,-14.907,2.0
30.792,33.073,35.072,25.839,30.532,35.97,31.189,28.082,4.0
13.891,9.4294,7.7502,8.3506,16.135,13.991,10.041,11.794,6.0
9.1361,11.457,12.008,15.053,8.9159,17.789,10.538,9.4258,6.0
6.3195,-2.0599,6.5283,5.684,5.4514,2.1553,3.1479,0.69833,5.0
-45.908,-45.729,-48.419,-47.888,-47.564,-42.2,-45.12,-40.622,3.0
40.436,46.535,39.262,39.563,44.892,43.069,37.848,49.344,8.0
19.466,16.22,14.561,15.199,7.1231,12.652,9.9193,12.393,6.0
38.85,48.835,28.744,37.396,26.937,32.188,32.251,34.664,4.0
-8.291,-12.096,-13.206,-8.4025,-14.795,-14.364,-11.827,-7.0867,7.0
62.731,65.559,41.684,48.534,66.747,63.183,58.297,58.99,1.0
39.307,34.741,39.883,38.551,41.824,28.362,38.8,32.597,4.0
44.471,39.542,37.957,44.07,45.617,36.003,36.661,34.461,8.0
40.171,37.529,38.641,43.72,38.19,37.448,39.272,38.048,8.0
46.706,47.217,48.4,46.39,50.686,48.511,53.954,44.623,8.0
-34.51,-23.967,-32.774,-24.727,-37.956,-9.9841,-23.113,-28.021,2.0
56.42,64.624,58.993,57.735,63.621,56.243,52.15,52.625,1.0
-11.526,-12.953,-14.438,-12.453,-14.334,-10.907,-14.395,-16.407,7.0
41.966,34.173,36.808,35.016,28.911,42.032,30.544,36.942,4.0
14.87,10.553,19.253,9.5458,14.335,6.8559,9.4935,13.48,6.0
37.702,37.888,33.59,42.679,34.757,38.079,38.234,31.766,4.0
12.705,11.736,9.675,9.0459,11.119,13.324,8.1755,9.6287,6.0
-11.322,-9.2043,-10.976,-15.515,-13.402,-16.104,-15.545,-16.387,7.0
59.454,50.142,48.991,54.908,69.482,45.127,50.354,63.533,1.0
0.75521,4.3998,3.885,-0.50438,1.2379,0.52806,4.8496,3.5063,5.0
52.229,46.613,49.938,47.074,48.219,46.897,44.359,48.202,8.0
-10.457,-22.896,-32.098,-45.229,-27.97,-28.961,-28.83,-33.655,2.0
43.106,42.212,42.057,42.633,42.56,44.298,40.803,38.862,8.0
39.564,40.62,42.216,31.583,33.67,33.881,42.821,41.634,8.0
-48.055,-51.901,-37.211,-58.796,-13.848,-27.335,-29.011,-37.707,3.0
-12.649,-13.07,-17.688,-12.665,-11.944,-13.557,-16.873,-15.783,7.0
17.074,13.743,20.506,15.519,11.423,13.242,10.386,17.727,6.0
-0.95496,0.41928,1.0701,1.0388,1.8521,-0.11946,0.55902,2.5156,5.0
-0.15774,-0.87972,0.56575,2.4512,3.2874,2.6438,1.6363,2.5943,5.0
-13.334,-12.691,-13.524,-10.497,-11.311,-17.911,-14.895,-13.962,7.0
-28.68,-41.264,-15.771,-34.652,-41.885,-42.373,-37.016,-34.225,2.0
38.926,34.342,38.735,29.996,30.712,37.272,26.301,39.846,4.0
-57.179,-52.447,-58.773,-53.884,-55.597,-53.069,-48.856,-53.675,3.0
7.8881,12.589,8.7044,9.6958,8.8464,9.8778,9.285,10.584,6.0
-15.569,-11.576,-13.507,-14.376,-13.551,-13.396,-13.777,-13.421,7.0
47.024,51.187,65.542,48.858,85.484,71.082,69.748,50.257,1.0
10.473,7.4575,8.6499,10.479,9.9097,10.372,9.9279,7.7453,6.0
8.2861,13.276,13.12,7.5024,11.7,13.614,9.579,4.7438,6.0
13.108,10.061,15.769,10.975,15.715,16.312,18.003,9.5293,6.0
-4.5944,-5.8896,-14.441,-8.2184,-7.3044,-18.425,-6.471,-22.574,7.0
9.6932,13.599,15.134,7.4651,10.475,18.654,8.8419,14.887,6.0
-33.196,-48.534,-34.641,-16.612,-21.568,-27.419,-36.587,-33.289,2.0
13.657,13.759,10.411,13.625,14.093,10.981,14.14,15.042,6.0
51.898,43.41,42.829,51.435,53.217,48.059,48.202,51.153,1.0
-1.3294,-5.0733,-0.82712,0.35263,-3.8096,-1.7215,-5.047,-0.012447,5.0
10.182,10.9,10.325,9.2174,11.507,10.677,12.384,9.1972,6.0
-21.541,-17.648,-20.245,-19.921,-7.3371,-16.662,-17.331,-10.663,7.0
3.0644,3.8041,3.3628,4.8174,5.6655,4.0378,1.4329,2.7564,5.0
-57.696,-53.894,-54.932,-50.298,-55.006,-54.242,-52.195,-55.336,3.0
37.895,38.928,30.919,27.864,28.513,31.809,33.824,33.594,4.0
12.332,7.5342,15.323,14.528,12.195,13.412,9.2422,11.195,6.0
-17.923,-3.6659,-16.445,-10.386,-19.989,-16.832,-21.187,-7.6511,7.0
8.9004,11.472,8.9366,7.7944,9.0019,11.519,10.429,11.5,6.0
-1.8339,-6.4388,-9.9969,-6.4423,-2.2442,-3.7439,-4.7759,-4.1624,5.0
39.375,38.135,38.986,43.113,36.905,35.694,31.38,38.672,8.0
38.201,39.843,33.829,38.052,35.568,36.293,31.854,34.707,4.0
-41.856,-41.316,-40.014,-41.398,-39.829,-39.111,-38.594,-39.614,3.0
38.98,47.928,38.946,42.053,30.411,40.475,36.071,37.7,8.0
10.604,15.332,16.592,14.049,11.538,13.26,12.549,10.175,6.0
-39.769,-40.873,-39.386,-41.349,-39.37,-39.338,-39.217,-41.913,3.0
12.372,13.287,13.653,6.357,8.2967,10.26,6.0055,10.036,6.0
40.68,38.013,40.086,37.574,35.552,38.949,42.97,36.096,8.0
10.39,6.3966,11.536,8.0119,16.483,10.823,11.988,12.288,6.0
18.884,15.857,15.578,13.595,12.717,6.8346,14.178,11.668,6.0
-41.03,-41.747,-39.55,-38.821,-40.197,-39.937,-39.761,-42.342,3.0
47.621,34.564,29.959,38.122,36.248,24.36,35.217,37.002,4.0
-0.53767,-5.8949,-3.6775,-7.6432,-2.5334,-9.4582,-6.9371,-1.4967,5.0
12.573,9.023,11.779,9.6317,10.935,9.5408,10.201,12.616,6.0
10.27,10.904,9.011,11.249,7.3776,7.6671,11.401,8.893,6.0
1.9283,1.5605,2.6714,-3.5582,-4.6031,1.4683,1.7901,-0.3038,5.0
-42.966,-40.155,-37.325,-37.841,-41.458,-40.573,-42.222,-39.283,3.0
61.067,42.704,47.636,63.313,47.736,56.41,56.015,54.273,1.0
32.584,41.05,37.728,33.936,36.715,28.639,32.148,34.856,4.0
-14.957,-15.35,-14.895,-11.645,-7.5904,-11.487,-13.309,-17.793,7.0
-45.372,-46.908,-51.439,-52.948,-45.172,-43.694,-43.376,-44.327,3.0
13.177,4.3119,7.8523,17.311,14.166,12.335,8.9678,14.497,6.0
-6.7648,-12.888,-9.6754,-9.4237,-7.7578,-6.4297,-19.476,-18.205,7.0
-5.2142,-6.7884,-0.70335,-1.557,-8.112,-4.6092,-9.196,-6.2776,5.0
29.538,46.879,42.835,36.77,30.695,40.139,40.93,24.968,4.0
37.112,35.838,39.382,35.053,38.775,35.552,44.838,35.932,8.0
-44.887,-42.903,-45.276,-50.715,-42.239,-44.649,-52.733,-42.845,3.0
69.872,64.247,63.802,69.24,58.322,55.894,51.16,63.437,1.0
70.091,94.274,74.213,77.485,61.922,47.964,90.104,48.684,1.0
41.058,40.372,44.08,46.031,47.542,45.288,52.779,45.103,8.0
-41.257,-42.377,-39.045,-39.885,-41.674,-40.437,-39.529,-41.045,3.0
21.985,32.137,31.135,35.848,34.209,35.809,28.136,28.082,4.0
-0.76241,11.206,11.53,1.7738,16.529,15.496,8.4676,14.531,6.0
-40.074,-40.266,-40.035,-39.314,-39.147,-40.004,-41.523,-40.728,3.0
45.377,38.79,34.814,42.77,47.49,43.628,38.509,36.684,8.0
35.181,36.569,36.886,41.319,32.786,38.156,37.689,42.252,8.0
-13.031,-18.554,-19.11,-12.501,-13.804,-15.524,-20.709,-18.601,7.0
-0.2861,3.6911,3.5005,5.0006,3.9966,4.6776,0.4135,0.63058,5.0
37.074,39.055,38.249,41.016,36.12,35.751,37.058,38.973,8.0
10.312,8.2932,10.775,11.763,9.1724,9.2883,7.9534,7.1803,6.0
35.171,38.438,40.492,35.834,35.117,36.933,36.957,36.445,8.0
29.366,33.088,31.612,32.45,32.454,28.782,24.161,37.028,4.0
33.831,31.237,40.068,33.98,29.716,37.351,32.476,39.657,4.0
59.777,39.454,48.268,45.357,47.912,55.468,47.536,46.604,1.0
1.1754,3.8297,6.4859,2.0069,-0.44661,6.0702,5.3579,1.249,5.0
-40.76,-25.943,-24.381,-36.403,-35.386,-9.7836,-12.346,-10.342,2.0
3.5917,2.7742,1.0079,0.98726,5.019,2.2092,-2.0704,1.0066,5.0
11.059,8.8053,11.61,10.338,9.871,11.754,7.3913,6.5233,6.0
10.95,10.53,12.039,11.197,12.245,9.9517,12.666,13.377,6.0
35.528,39.437,36.761,17.739,29.541,38.372,32.531,27.121,4.0
-58.485,-29.41,-26.073,-39.52,-21.57,-43.765,-41.738,-48.625,3.0
-46.046,-42.398,-48.124,-45.301,-40.03,-54.863,-41.22,-46.608,3.0
1.3344,1.9713,0.59208,4.5338,4.1437,1.9622,5.369,-0.45248,5.0
-2.9882,-1.6619,-9.1574,-7.0426,-3.469,-5.5325,-4.0322,-3.0684,5.0
58.821,69.495,66.784,47.139,51.002,66.714,61.978,45.338,1.0
32.545,41.092,36.642,31.328,37.562,34.643,33.024,33.83,4.0
31.329,33.688,21.063,28.574,33.786,33.716,36.678,29.281,4.0
-20.865,-55.82,-46.099,-44.839,-31.172,-45.537,-16.757,-25.25,3.0
0.8116,5.7984,2.4708,0.71835,1.6748,-1.5705,3.1283,1.7348,5.0
-10.112,-4.2451,5.7822,0.43473,-10.678,-2.8855,-0.94448,-9.7885,5.0
47.871,44.95,51.83,44.436,42.85,45.104,40.757,40.528,8.0
-3.9578,-1.7254,-1.6049,-4.9002,-3.4241,-2.8955,-4.7249,-4.1402,5.0
37.811,41.658,38.372,33.614,39.595,36.808,40.729,31.073,8.0
9.5946,8.8846,10.324,11.06,8.0838,12.278,10.414,10.095,6.0
-55.855,-58.385,-51.677,-57.974,-58.268,-57.128,-54.854,-53.911,3.0
2.6509,1.7274,4.3722,3.6515,0.020881,0.53338,-0.99026,7.2606,5.0
-3.9934,-11.521,-11.915,-5.1563,-16.927,-7.3123,-15.749,-10.956,7.0
-24.514,-40.233,-52.237,-32.475,-39.426,-37.784,-28.655,-44.099,3.0
-7.5137,-5.3903,-1.2809,-6.8621,-2.9719,-5.1467,-0.44415,-9.6403,5.0
49.352,50.807,44.973,46.268,43.346,48.942,50.536,47.479,8.0
26.057,21.709,28.456,29.619,31.622,33.467,35.384,29.398,4.0
-3.5544,-18.381,-15.131,-17.414,-14.412,-5.9185,-11.538,-14.527,7.0
12.348,10.174,12.267,13.575,11.852,15.615,8.8635,10.812,6.0
27.966,25.772,33.946,27.211,30.043,33.145,25.68,23.373,4.0
-3.2412,4.319,-7.8372,-3.8141,-2.7864,-1.2472,0.39054,-1.3963,5.0
-42.802,-44.58,-16.958,-46.67,-34.113,-40.548,-34.421,-38.713,3.0
54.789,63.422,45.952,42.715,52.5,54.554,60.498,62.264,1.0
20.166,35.439,28.833,29.95,34.842,25.909,26.397,29.6,4.0
2.7806,-0.7363,2.4978,6.3777,-0.30381,3.3793,-1.0588,1.6118,5.0
-48.961,-49.312,-41.014,-40.062,-47.168,-42.91,-46.941,-46.451,3.0
31.979,39.593,36.114,35.147,36.84,34.998,35.651,36.538,4.0
11.461,8.2838,9.3095,8.2547,9.5477,7.364,9.9975,10.507,6.0
72.152,66.774,60.416,68.359,93.207,63.063,54.587,62.684,1.0
14.633,14.551,22.171,8.1263,12.016,14.832,7.9295,12.309,6.0
29.478,30.499,38.936,38.809,45.766,40.217,40.978,39.633,8.0
-14.349,-35.614,-17.528,-27.764,-54.918,-44.996,-44.124,-38.34,2.0
-26.429,-37.563,-46.059,-16.294,-23.531,-43.407,-23.857,-19.522,2.0
-5.6422,-4.8249,-5.6264,-0.5055,1.2623,-7.237,-4.4356,-2.2897,5.0
-5.6398,-3.159,1.7589,-6.3179,-7.1958,-3.7866,-5.9888,0.12939,5.0
-43.195,-28.121,-12.435,-45.155,-39.969,-32.172,-30.148,-32.787,2.0
-10.546,-14.478,-4.4909,-16.52,-2.0299,-7.9265,-13.258,-7.0609,7.0
33.975,36.201,38.968,34.68,40.232,35.802,39.857,38.181,8.0
57.847,51.925,52.217,43.875,53.834,43.591,46.218,42.313,1.0
-11.436,-10.959,-11.199,-14.364,-9.8305,-12.841,-15.51,-12.769,7.0
-41.773,-41.598,-42.454,-45.253,-48.737,-49.929,-41.352,-43.238,3.0
11.109,11.884,10.259,8.5739,10.644,8.1422,8.4628,10.855,6.0
8.3351,21.378,12.958,4.2579,9.6282,7.5599,10.307,11.902,6.0
-16.133,-6.7624,-9.8873,-15.643,-8.3627,-5.3605,-5.3756,-17.241,7.0
6.6265,2.1254,-2.7696,0.62759,4.3606,5.1071,7.3004,5.9055,5.0
-34.433,-32.13,-34.813,-37.254,-57.865,-8.3173,-51.326,-14.06,2.0
-58.428,-45.396,-54.825,-56.817,-59.71,-52.931,-53.99,-57.502,3.0
36.664,41.534,37.624,40.148,34.326,31.802,36.493,36.95,8.0
9.7442,9.7181,11.192,8.3681,11.009,9.8695,9.7192,10.717,6.0
60.522,74.776,60.521,73.51,57.24,70.503,78.781,72.131,1.0
39.253,34.328,41.92,32.417,39.126,38.227,32.456,32.567,4.0
11.137,12.138,9.8956,9.146,9.5112,11.08,11.061,11.828,6.0
-17.934,-29.041,-47.674,-55.69,-56.64,-37.335,-67.84,-28.551,3.0
36.091,35.086,35.84,35.095,39.851,35.396,35.547,36.292,4.0
46.34,34.755,38.865,38.986,41.751,50.643,35.623,42.836,8.0
-11.832,-16.617,-1.5637,-12.033,2.2373,-5.7767,7.902,-13.486,7.0
-19.497,-10.145,-12.827,-21.032,-8.9807,-11.578,-14.025,-17.353,7.0
-42.317,-16.201,-51.964,-33.978,-30.98,-67.077,-38.506,-27.312,2.0
10.029,10.701,7.9461,7.8305,9.277,11.499,12.339,9.7879,6.0
18.014,9.8381,16.359,11.0,12.871,15.582,10.786,12.383,6.0
13.823,12.317,13.664,8.2393,10.873,14.948,10.787,13.576,6.0
-13.466,-8.5036,-8.8245,-11.949,-7.5779,-9.3717,-17.136,-11.938,7.0
-22.162,-40.98,-13.499,-29.706,-41.947,-29.596,-46.782,-27.945,2.0
-13.75,-17.315,-12.992,-13.305,-12.427,-14.005,-12.534,-14.709,7.0
36.524,37.944,36.589,38.272,38.147,38.011,39.214,37.851,8.0
-7.9295,-31.915,-19.278,-16.746,-23.287,-12.124,-59.431,-47.471,2.0
64.425,64.878,51.924,65.787,60.518,41.859,69.113,55.997,1.0
40.785,39.418,34.377,30.968,36.52,42.463,50.371,34.771,8.0
42.632,47.369,41.942,43.919,45.564,50.523,50.082,50.54,8.0
-7.0472,-12.972,-12.376,-16.611,-11.799,-15.988,-16.552,-9.1342,7.0
-37.198,-47.512,-43.689,-50.594,-40.539,-45.202,-44.12,-44.932,3.0
5.5589,0.69321,2.6211,3.8194,2.4135,7.0571,4.3353,3.3631,5.0
11.814,10.581,10.985,10.596,10.055,7.9873,9.7848,9.7516,6.0
-18.335,-15.852,-13.266,-15.235,-14.363,-14.731,-13.871,-13.566,7.0
1.5453,0.66589,0.75097,3.3988,-0.10542,4.4135,2.1661,-0.86315,5.0
42.373,43.87,41.848,44.928,39.773,37.891,32.046,37.827,8.0
34.272,31.629,39.311,32.992,33.137,39.341,39.578,28.669,4.0
44.413,38.704,41.379,38.234,48.259,34.757,41.279,37.011,8.0
-12.417,-5.2926,-15.644,-10.927,-5.8209,-12.136,-10.526,-12.182,7.0
10.724,10.169,9.3731,7.5573,11.372,9.2827,12.526,10.179,6.0
38.4,38.025,43.386,37.795,44.7,33.169,33.599,29.307,8.0
-13.241,-42.155,-9.0054,-10.744,-22.136,-12.508,-43.743,-28.169,2.0
-41.747,-39.044,-39.343,-41.927,-39.925,-40.941,-38.498,-39.892,3.0
-7.9711,-15.558,-16.576,-12.097,-7.3769,-16.038,-17.383,-14.384,7.0
-59.432,-47.124,-53.122,-55.469,-57.962,-54.821,-47.597,-52.154,3.0
37.644,34.683,37.771,36.331,39.203,33.654,42.866,38.128,8.0
35.967,34.949,29.843,19.783,34.655,35.856,34.976,40.147,4.0
39.13,36.864,36.429,36.416,39.093,34.76,39.173,37.127,8.0
14.384,9.6299,10.81,14.295,22.408,14.601,16.797,17.367,6.0
39.766,37.766,38.647,37.523,37.924,39.516,39.063,39.383,8.0
34.692,34.725,38.203,31.425,36.191,29.109,32.509,43.184,4.0
35.831,40.943,51.703,48.292,42.335,47.944,47.53,46.144,8.0
6.2722,4.0971,2.2266,-0.67016,1.4799,2.8473,1.6143,-0.80112,5.0
36.742,39.675,39.858,36.31,38.669,36.687,39.523,38.144,8.0
-41.332,-54.532,-46.121,-49.163,-24.721,-25.479,-54.614,-47.27,3.0
3.3958,-0.11117,3.5914,2.7141,5.2185,3.7184,1.5569,2.633,5.0
-51.582,-54.612,-60.01,-57.966,-53.865,-49.783,-54.658,-53.107,3.0
37.524,39.751,37.663,33.477,34.655,38.853,31.652,38.681,8.0
-0.67866,1.2237,1.4264,2.8339,2.6054,0.13131,2.3326,0.82735,5.0
-4.0811,-6.8619,-4.126,-0.28744,-4.6432,-5.0769,-3.5679,-4.1555,5.0
-15.26,-19.978,-16.932,-8.4375,-7.9193,-8.2292,-13.609,-9.3811,7.0
-10.493,-13.538,-14.324,-14.476,-13.233,-16.275,-12.198,-13.728,7.0
-5.3961,-6.3789,-3.511,-5.3906,-8.3841,-6.9409,-4.7757,-6.4061,5.0
34.593,33.523,28.046,38.061,32.817,41.716,35.067,38.951,4.0
40.18,37.169,41.359,36.585,39.272,34.549,39.542,38.364,8.0
41.888,32.279,33.688,37.94,32.671,41.516,34.159,34.745,4.0
36.144,37.502,33.038,35.885,32.026,39.825,35.806,38.53,4.0
41.11,43.42,46.605,43.423,36.56,34.526,39.592,45.221,8.0
-6.0368,-15.899,-0.85602,-8.6083,-9.2063,-13.776,-5.5242,-6.5582,7.0
-12.975,-15.153,-14.922,-12.339,-13.921,-14.78,-14.344,-8.9272,7.0
43.412,47.047,47.974,46.301,46.205,46.916,43.981,38.58,8.0
-57.087,-53.817,-56.551,-47.557,-52.365,-54.459,-54.784,-58.638,3.0
41.137,47.279,37.479,40.938,41.319,39.374,34.982,47.281,8.0
34.197,35.469,32.711,36.586,35.973,43.062,31.479,33.981,4.0
32.91,38.461,41.41,47.893,35.691,38.942,35.377,34.896,8.0
-10.18,-3.6059,2.4954,-3.8304,-3.9372,-7.1126,-0.3052,-8.7102,5.0
-45.185,-47.916,-46.372,-37.766,-45.607,-47.322,-40.097,-46.4,3.0
24.219,28.595,29.217,29.102,22.843,34.293,33.803,24.193,4.0
13.403,15.301,15.717,12.739,12.228,9.3721,5.5699,14.676,6.0
41.814,41.094,36.467,39.399,42.136,36.16,43.607,39.779,8.0
-14.188,6.6693,-10.45,-10.703,5.6561,-4.0612,-10.099,-7.8646,5.0
38.477,39.342,46.517,33.669,38.103,40.106,34.942,36.54,8.0
54.497,52.287,69.721,76.833,76.681,61.643,91.393,92.4,1.0
29.814,31.011,33.326,31.902,41.707,36.284,45.35,33.104,4.0
41.491,48.515,40.507,43.716,48.674,47.519,43.588,46.634,8.0
10.507,17.042,9.9444,11.491,14.006,6.4211,15.495,4.5347,6.0
84.091,62.245,57.64,46.808,89.934,49.777,69.372,69.239,1.0
-14.519,-14.107,-6.9444,-11.361,-10.268,-12.23,-7.2644,-12.067,7.0
53.943,46.69,41.577,47.897,54.562,47.453,42.416,45.866,8.0
-2.672,-6.1055,-4.4101,-4.8222,0.038157,-0.081699,-3.522,-3.3397,5.0
-57.987,-54.767,-52.042,-58.098,-62.468,-57.519,-60.109,-52.781,3.0
-1.2983,-8.3548,-7.3622,-4.4485,-7.7001,-5.3181,-3.8195,-3.6949,5.0
-16.663,-12.915,-14.112,-13.449,-14.633,-12.493,-10.345,-12.705,7.0
31.754,34.999,46.661,33.084,29.082,43.357,28.325,41.001,4.0
-2.3211,1.2811,-2.6894,-4.675,0.65627,-8.6109,-5.4917,-3.3626,5.0
-17.17,-28.896,-23.994,-16.746,-19.071,-30.311,-44.306,-44.845,2.0
37.214,39.983,39.197,49.24,46.125,44.64,43.326,41.446,8.0
-2.8788,1.206,0.12575,-1.1199,-0.14771,-0.6423,1.1481,-0.79247,5.0
-0.77134,-7.4845,-15.564,-13.452,-13.469,-12.407,-17.099,-14.122,7.0
59.899,55.82,64.168,63.376,62.054,63.287,51.221,65.101,1.0
-58.305,-52.626,-56.806,-50.833,-57.763,-56.058,-62.915,-57.742,3.0
-11.277,-10.945,-14.924,-12.612,-14.441,-12.356,-15.237,-8.4113,7.0
49.086,42.201,43.99,46.502,49.34,41.87,43.96,45.76,8.0
-15.148,-33.797,-28.393,-44.251,-21.631,-41.297,-26.453,-32.725,2.0
11.866,13.064,13.959,6.072,13.693,12.297,8.9144,9.2559,6.0
-3.4897,-4.7887,-1.97,-2.1604,-5.2094,-3.9117,0.83601,-5.5506,5.0
-14.109,-14.954,-12.088,-12.167,-12.185,-13.801,-9.6543,-14.969,7.0
41.904,35.644,46.364,35.55,41.465,43.658,41.517,40.112,8.0
-4.4874,-0.80316,-8.9364,-4.2586,-5.2168,-1.5504,0.69181,-2.8229,5.0
93.291,64.195,78.369,82.489,80.453,68.395,65.311,81.907,1.0
-1.6135,-7.1304,-4.3778,-6.4006,-5.4378,-3.7302,-1.0415,-3.7897,5.0
32.342,36.277,29.796,40.917,41.314,32.216,29.45,38.288,4.0
33.879,31.41,36.299,41.238,34.503,40.963,38.874,38.663,4.0
41.392,37.458,46.044,42.848,46.345,41.106,35.256,40.436,8.0
-15.963,-13.553,-9.4843,-6.9786,-12.525,-17.668,-9.86,-20.426,7.0
-16.165,-11.029,-9.5202,-8.2551,-12.005,-5.3097,-5.1725,-9.6554,7.0
20.798,32.749,34.664,37.031,38.279,34.585,39.821,40.135,4.0
21.767,38.474,32.686,25.155,31.434,23.083,30.234,28.499,4.0
-14.75,-17.18,-14.399,-14.783,-15.993,-11.375,-13.004,-15.266,7.0
12.333,10.218,9.7742,9.0728,6.3589,13.942,16.714,14.953,6.0
64.635,63.87,65.37,60.98,51.16,50.431,71.698,55.574,1.0
-28.471,-19.437,-26.466,-15.497,-13.983,-32.042,-37.078,-15.432,2.0
-13.323,-10.904,-17.163,-10.781,-12.998,-13.118,-15.827,-11.111,7.0
-9.9398,-6.2415,-19.311,-5.379,-17.04,-13.644,-8.4457,-9.4564,7.0
37.203,27.899,28.657,32.627,31.342,26.664,33.456,30.128,4.0
31.145,25.349,28.813,31.841,32.994,38.131,31.881,37.217,4.0
0.50371,-2.9149,1.6902,3.1799,0.805,-4.8053,-3.3302,-3.8736,5.0
37.489,36.572,34.782,34.176,31.611,31.877,29.285,35.555,4.0
-54.418,-47.773,-50.924,-59.147,-59.865,-50.176,-47.338,-48.594,3.0
30.855,34.898,28.698,30.486,38.696,27.058,32.157,30.23,4.0
40.996,45.735,30.428,45.309,36.256,34.847,42.775,30.707,8.0
42.508,35.742,34.006,37.556,29.441,35.249,44.098,34.766,4.0
-18.672,-8.3601,-4.6376,-10.963,-10.465,-8.9741,-5.2762,-22.409,7.0
33.415,39.062,37.19,41.566,33.525,38.863,36.207,35.478,8.0
1.4178,5.3197,2.0324,-0.89691,3.4542,1.6747,1.6454,3.081,5.0
43.13,42.215,47.335,42.796,52.506,45.442,45.757,44.984,8.0
-17.163,-12.844,-16.987,-14.19,-13.419,-13.213,-14.963,-11.732,7.0
43.28,30.415,36.099,33.492,34.052,37.021,33.197,44.409,4.0
-40.803,-42.457,-46.181,-44.574,-46.592,-49.147,-48.419,-45.309,3.0
28.649,32.781,37.091,16.163,36.147,35.893,25.734,37.924,4.0
-13.469,-13.758,-12.133,-12.341,-18.947,-11.629,-9.522,-12.828,7.0
-1.59,-11.919,-5.6895,-11.249,-11.828,-12.208,-7.8246,-19.522,7.0
-37.216,-59.259,2.2683,-42.104,-64.833,-49.443,-20.782,-23.273,3.0
-51.352,-60.924,-56.123,-54.687,-52.344,-50.99,-58.273,-47.091,3.0
32.102,33.661,32.138,35.342,30.281,30.037,36.412,35.165,4.0
36.872,36.517,31.463,36.32,39.206,40.871,36.454,41.255,8.0
47.565,48.37,43.015,40.748,45.56,40.973,41.402,47.424,8.0
-46.418,-41.303,-42.449,-42.053,-45.661,-37.107,-42.436,-45.165,3.0
42.138,45.835,49.418,54.311,49.866,50.009,42.456,46.622,8.0
-60.121,-50.519,-61.714,-45.686,-55.829,-51.535,-54.908,-55.144,3.0
-6.7704,0.46544,-6.0415,-2.8384,-7.3143,-3.057,-3.778,-3.4657,5.0
-25.491,-13.626,-20.397,-30.004,-25.549,-47.62,-33.813,-34.547,2.0
0.13885,3.1263,-0.80798,2.544,-0.44194,1.6788,1.7616,-1.1894,5.0
-2.6132,-3.2503,-4.9248,-2.0839,-2.2775,-4.3729,1.8023,-2.5863,5.0
61.997,50.416,67.865,77.711,67.499,55.393,81.16,61.323,1.0
-30.629,-19.85,-40.474,-36.852,-22.004,-37.867,-30.714,-20.318,2.0
35.147,38.298,37.877,37.119,35.621,36.069,37.646,38.27,8.0
63.726,85.823,59.7,66.644,92.404,74.591,57.874,74.59,1.0
-3.7866,-6.7746,-14.259,-18.067,-11.379,-18.066,-15.261,-13.44,7.0
40.755,37.29,31.409,37.776,43.595,37.034,39.083,31.668,8.0
37.638,38.805,37.744,38.437,39.816,38.426,38.115,37.727,8.0
3.8839,2.2524,-0.51979,2.1463,-2.6004,4.3063,3.4695,5.6953,5.0
29.051,39.705,31.54,27.022,39.573,47.139,40.848,33.272,4.0
-12.226,-2.7313,-6.6943,-3.7457,-16.914,-7.2771,-17.145,-3.7418,7.0
4.1382,-10.954,-31.935,-9.9982,-35.338,-38.833,-42.961,-2.5059,2.0
37.088,38.792,39.261,37.313,36.013,36.682,36.706,36.329,8.0
-12.207,-8.8986,-16.752,-16.254,-15.735,-15.364,-8.6726,-15.586,7.0
39.323,39.189,38.716,33.325,38.497,38.084,38.64,34.631,8.0
-14.987,-9.4717,-13.692,-13.981,-15.481,-9.9384,-11.318,-15.357,7.0
-11.182,-13.234,-11.608,-15.155,-13.481,-16.173,-13.624,-13.882,7.0
-15.934,-9.0095,-15.16,-11.18,-7.3891,-12.691,-10.153,-8.9489,7.0
-15.825,-6.9844,-13.63,-13.732,-6.5285,-13.527,-16.081,-12.53,7.0
34.09,42.861,35.396,34.218,39.962,39.603,33.172,42.126,8.0
-11.514,-13.381,-5.7844,-5.0458,-14.786,-13.02,-9.4488,-9.0403,7.0
14.069,7.3721,6.67,18.314,8.4052,5.1463,13.146,6.401,6.0
38.168,26.761,32.645,37.837,28.827,41.834,28.732,42.279,4.0
77.024,73.824,79.033,84.441,64.641,67.3,78.31,75.249,1.0
70.795,68.677,61.675,63.263,75.235,59.953,62.937,73.293,1.0
28.407,25.227,32.044,31.787,24.487,28.335,32.506,26.562,4.0
53.173,49.468,48.608,41.06,46.782,43.552,38.178,41.17,8.0
45.275,52.707,41.671,51.017,34.915,49.943,49.481,41.788,8.0
-45.666,-46.087,-42.401,-44.688,-46.51,-41.493,-45.034,-41.273,3.0
7.3846,8.5812,10.796,9.2903,10.504,8.5987,11.552,9.8784,6.0
-12.111,-14.89,-9.3235,-5.3178,-17.08,-13.395,-16.491,-26.345,7.0
-11.586,-11.466,-12.457,-14.186,-14.686,-16.72,-15.258,-10.545,7.0
-8.4318,-3.1786,-3.6538,-8.5232,-8.1409,2.0052,-0.98443,-0.57476,5.0
1.0454,0.78444,0.3665,1.1756,2.9191,0.47716,0.73112,0.1068,5.0
30.244,35.286,26.254,34.624,30.603,36.71,35.993,39.866,4.0
-4.0226,-5.7253,-3.1053,-4.6591,-4.6594,-2.7307,-2.2834,-5.0968,5.0
36.793,36.669,32.513,37.561,37.795,35.91,34.487,33.712,4.0
-40.049,-39.696,-41.46,-39.204,-39.381,-39.367,-39.063,-38.398,3.0
-42.785,-48.049,-45.521,-45.268,-45.03,-53.875,-47.309,-44.035,3.0
10.276,9.7103,8.9503,9.185,9.1953,8.0964,10.612,10.095,6.0
44.899,35.311,34.839,38.106,39.624,31.72,38.54,43.514,8.0
46.788,45.776,48.585,43.055,44.734,53.792,41.308,47.509,8.0
-12.629,-11.678,-8.9614,-7.8004,-4.9465,-13.898,-6.7776,-12.711,7.0
37.242,35.168,37.735,33.808,36.393,41.105,31.877,41.646,8.0
42.084,42.296,44.194,33.405,31.279,32.447,39.512,41.32,8.0
35.538,25.226,31.642,29.211,29.884,27.676,32.371,36.339,4.0
13.871,10.579,11.343,3.9022,12.429,12.503,10.105,16.499,6.0
35.915,37.824,38.462,37.064,39.859,38.287,38.958,37.904,8.0
13.175,16.391,17.372,10.623,9.4195,14.066,10.974,11.757,6.0
-32.028,-36.659,-57.96,-22.355,-10.096,-38.701,-41.366,-26.397,2.0
42.512,25.119,38.473,41.275,34.581,44.784,37.375,36.549,4.0
-57.853,-52.216,-56.838,-57.552,-51.374,-56.246,-49.59,-56.948,3.0
3.1026,-0.11914,0.72478,1.8878,2.235,6.5407,2.8887,-0.0089521,5.0
37.689,34.722,40.184,36.478,37.627,37.279,36.915,36.645,8.0
26.395,29.978,21.363,33.163,25.694,28.013,34.903,38.669,4.0
-50.276,-51.914,-52.482,-58.534,-52.557,-51.003,-52.284,-52.418,3.0
56.27,60.545,63.359,57.379,52.577,65.74,64.629,45.786,1.0
36.9,40.827,37.787,40.919,38.009,39.728,37.104,38.968,8.0
14.204,11.323,13.012,10.923,17.294,3.7997,13.963,12.1,6.0
35.588,40.238,36.058,37.021,38.241,41.986,38.344,40.828,8.0
-34.747,-33.457,-54.936,-21.559,-47.904,-17.287,-45.721,-40.525,3.0
-9.568,-17.43,-13.383,-11.507,-7.2482,-3.7823,-7.2229,-6.4421,7.0
7.4432,3.7636,4.7175,2.434,1.9161,3.2017,0.74268,1.2836,5.0
-2.6229,-6.2922,0.51345,-3.9546,0.67954,-3.4694,-7.4636,-5.1061,5.0
-53.356,-58.836,-57.468,-55.46,-54.163,-53.065,-53.037,-48.033,3.0
-13.552,-11.563,-7.6051,-23.492,-18.133,-16.716,-13.762,-20.43,7.0
79.186,52.816,51.948,58.841,68.908,63.659,68.978,59.385,1.0
39.586,39.453,35.863,38.754,35.528,39.819,38.465,37.931,8.0
40.519,40.685,36.383,37.722,38.053,38.318,37.817,37.706,8.0
-14.529,-16.861,-7.5345,-9.0572,-10.668,-10.738,-6.4548,-8.9587,7.0
41.255,38.486,36.994,48.177,41.628,44.551,48.489,51.698,8.0
0.56486,0.67937,0.57533,3.3902,2.4909,1.2679,2.8596,-4.2723,5.0
37.188,39.683,38.304,34.97,40.306,31.033,32.29,38.894,8.0
41.005,39.048,38.258,37.229,41.645,35.951,40.959,38.227,8.0
32.631,31.609,39.28,29.462,29.209,33.613,33.853,36.011,4.0
38.492,38.584,35.907,39.439,33.646,39.297,37.165,38.45,8.0
-42.282,-52.667,-46.51,-51.622,-41.396,-49.467,-45.787,-44.267,3.0
-11.035,-16.044,-10.643,-17.508,-9.9571,-13.001,-11.854,-8.353,7.0
11.491,15.647,18.244,13.179,10.854,13.296,18.426,14.653,6.0
-17.023,-10.856,-11.993,-12.513,-12.265,-4.8406,-11.21,-9.2856,7.0
40.937,36.904,37.692,38.989,36.606,37.776,40.613,34.82,8.0
32.625,38.158,42.031,43.787,46.519,41.359,47.068,43.355,8.0
3.9464,0.50465,-2.2173,2.6532,0.2304,0.96427,-0.64655,-2.1986,5.0
57.158,58.029,59.53,57.878,59.45,72.323,59.458,57.951,1.0
32.164,25.623,31.869,26.238,34.804,25.844,24.528,31.726,4.0
4.1264,-0.97616,-1.2044,0.7695,-0.22497,0.72673,0.75903,-1.3215,5.0
-42.502,-39.865,-39.084,-39.586,-40.308,-41.388,-40.979,-40.752,3.0
-12.114,-15.024,-14.085,-3.8167,-10.376,-7.9021,-16.53,-17.274,7.0
40.787,28.988,25.918,31.72,34.52,34.548,50.918,35.711,4.0
88.772,58.354,66.585,72.716,45.491,48.592,61.728,76.31,1.0
-8.0344,-11.939,-8.7116,-17.671,-12.304,-12.072,-11.06,-7.5697,7.0
-39.467,-43.316,-38.476,-39.67,-38.511,-41.902,-41.592,-40.363,3.0
67.441,52.614,54.82,43.125,58.68,49.604,70.587,62.965,1.0
17.179,7.3811,5.6592,12.71,14.254,20.345,18.42,12.141,6.0
58.037,64.901,57.375,59.115,62.724,62.227,54.148,62.542,1.0
58.276,77.425,88.611,49.423,83.542,61.181,61.818,57.157,1.0
10.702,5.6232,14.947,6.8162,10.015,8.8806,19.25,17.843,6.0
-2.0465,4.1194,1.5145,0.16698,-0.32503,2.7695,1.5121,2.0095,5.0
0.40869,-6.0383,6.9393,-13.225,-8.4757,-14.89,-0.69432,-19.556,7.0
64.416,60.893,58.792,58.855,53.195,68.075,84.903,78.693,1.0
-45.126,-47.497,-42.22,-44.769,-46.676,-47.205,-41.832,-46.588,3.0
34.861,36.639,35.724,42.313,33.309,35.408,36.461,37.282,4.0
37.99,28.865,35.784,33.505,33.79,28.693,34.909,30.599,4.0
17.343,12.759,14.364,14.172,14.451,9.9705,11.5,14.339,6.0
-57.081,-48.848,-54.057,-49.214,-57.999,-56.767,-54.062,-47.924,3.0
67.568,66.987,70.901,51.358,83.437,72.874,73.746,73.933,1.0
4.1865,0.17232,2.6044,2.4217,3.4304,0.39188,4.9503,2.6998,5.0
31.347,26.326,42.658,36.402,34.163,39.659,37.838,38.82,4.0
15.361,10.983,11.572,12.594,11.026,10.871,8.9823,11.822,6.0
-16.737,-4.4481,-10.479,-20.503,-7.0233,-18.373,-5.3633,-16.474,7.0
-46.063,-22.58,-48.267,-34.987,-43.865,-22.815,-35.411,-65.07,3.0
8.5471,8.0193,8.583,7.4421,8.026,10.417,13.533,12.397,6.0
7.0036,18.939,11.224,14.04,10.651,13.161,5.9716,8.1856,6.0
42.564,42.089,38.507,38.721,41.228,34.215,31.085,39.784,8.0
-13.647,-15.093,-13.738,-10.484,-16.211,-13.423,-11.319,-14.086,7.0
31.026,42.917,51.072,36.764,36.308,43.129,42.028,43.863,8.0
51.015,66.12,65.42,49.963,60.918,61.844,74.075,56.289,1.0
36.049,33.085,26.338,36.068,29.407,37.562,34.896,27.092,4.0
55.583,45.52,42.178,42.309,45.163,49.394,48.865,44.456,8.0
-6.9837,-7.0315,-11.639,-11.764,-2.4672,-17.0,-7.1979,-15.943,7.0
5.6008,0.56074,6.5169,1.4232,-3.7974,0.59672,3.1094,3.0985,5.0
-15.866,-10.856,-4.5028,-15.725,-16.978,-13.066,-10.102,-11.023,7.0
40.249,49.994,47.675,38.403,39.795,40.878,32.957,48.216,8.0
-42.774,-39.531,-40.903,-39.729,-41.316,-42.536,-40.878,-39.933,3.0
31.249,44.601,37.843,32.113,38.877,32.999,41.973,31.73,8.0
26.207,27.616,29.916,36.536,26.317,32.664,31.615,37.952,4.0
50.348,77.502,68.206,81.528,70.124,70.939,83.653,76.679,1.0
-6.902,-11.497,-11.276,-4.8006,-16.991,-12.219,-5.4227,-14.466,7.0
-4.6839,5.6782,-11.039,-19.495,-9.7903,-1.0954,-3.8545,-11.644,7.0
8.5426,12.177,9.0708,9.8372,9.264,9.2391,10.15,10.534,6.0
66.433,75.979,75.604,64.078,82.136,58.216,67.956,75.911,1.0
-47.498,-45.292,-42.816,-47.488,-51.152,-51.572,-42.437,-45.78,3.0
-51.888,-37.901,-44.072,-42.392,-51.296,-15.32,-25.316,-32.017,3.0
-36.134,-40.112,-43.286,-40.039,-38.632,-41.014,-39.052,-39.68,3.0
35.671,37.733,40.304,38.244,33.751,36.737,35.197,36.974,8.0
12.036,8.681,10.237,10.245,11.071,9.9326,10.261,9.465,6.0
47.185,47.164,39.669,46.724,38.382,48.356,44.909,48.409,8.0
8.5366,8.2925,10.951,7.0583,11.264,12.323,9.382,10.769,6.0
1.2989,-0.96684,-0.10984,2.1294,2.464,6.09,-2.6598,0.067851,5.0
36.779,38.627,37.286,36.095,40.102,37.67,36.302,38.504,8.0
-47.324,-44.643,-51.973,-51.85,-39.94,-47.44,-42.366,-47.074,3.0
42.163,35.081,35.74,37.165,34.227,39.634,41.385,52.488,8.0
-39.528,-54.241,-49.181,-35.559,-55.552,-24.971,-3.5468,-47.515,3.0
-40.56,-40.938,-39.116,-39.758,-40.703,-38.647,-38.296,-39.288,3.0
-10.007,-15.903,-15.03,-1.1071,-6.9126,-10.857,0.63119,-9.3967,7.0
55.636,58.886,58.197,58.675,69.324,73.329,44.09,60.27,1.0
35.327,35.758,37.038,39.446,35.084,37.061,38.131,35.036,4.0
-4.3762,-8.3208,-15.092,-15.135,-12.419,-14.799,-9.0473,-16.961,7.0
-2.9953,-2.8122,-5.4203,-1.6982,-6.1844,-9.6738,0.97505,-5.0393,5.0
42.846,40.717,42.319,42.52,40.387,36.67,42.157,43.034,8.0
-14.681,-12.983,-13.18,-12.387,-18.78,-13.102,-10.043,-13.671,7.0
28.163,43.65,34.43,32.045,38.308,32.873,42.139,41.037,8.0
40.745,36.392,24.737,39.802,34.437,34.116,30.924,35.511,4.0
39.086,39.732,45.62,36.238,31.786,39.925,37.967,37.959,8.0
40.014,45.715,40.533,47.14,46.946,38.754,45.625,51.794,8.0
64.271,80.281,73.599,50.783,88.335,83.25,56.053,87.987,1.0
-14.115,-30.78,-25.657,-20.76,-32.358,-39.768,-19.571,-38.048,2.0
30.878,30.672,40.857,40.5,27.633,31.858,38.454,39.846,4.0
-23.795,-53.337,-33.061,-42.562,-49.609,-38.274,-32.124,-31.474,3.0
1.1672,6.956,-0.17847,-1.5016,2.9349,-0.42156,2.2079,3.5839,5.0
-33.635,-54.125,-35.185,-28.193,-68.204,-62.134,-53.373,-52.993,3.0
-12.564,-13.083,-13.417,-14.625,-14.275,-11.843,-14.146,-11.523,7.0
-0.86615,-1.923,-16.227,-15.547,-12.509,-3.0747,-17.699,-8.3005,7.0
-18.425,-21.065,-12.536,-10.414,-10.964,-12.548,-7.6773,-17.829,7.0
-50.973,-53.394,-52.674,-51.356,-62.768,-52.372,-51.646,-56.67,3.0
1.3432,1.7892,0.56245,2.8293,1.9441,6.9249,1.371,5.901,5.0
-44.534,-24.222,-31.651,-24.174,-49.758,-26.736,-32.18,-44.667,2.0
-13.491,-14.725,-14.393,-12.726,-10.128,-14.888,-4.0323,-16.452,7.0
-1.1144,0.61819,1.5039,3.0351,3.0504,3.9027,-2.7712,3.3815,5.0
-0.59761,1.6816,3.0506,-0.57296,0.91233,4.9308,0.044999,1.8103,5.0
-48.966,-50.09,-46.952,-47.682,-50.903,-46.538,-47.934,-39.317,3.0
5.4378,0.014421,1.5039,7.1717,4.4653,3.5437,2.7832,1.1127,5.0
45.395,45.52,43.659,44.481,53.936,44.125,44.559,50.299,8.0
40.575,37.837,37.47,39.104,39.362,40.062,36.85,37.783,8.0
11.076,9.5175,11.588,12.759,9.6426,8.7847,11.695,10.576,6.0
9.1267,9.955,8.7227,8.4101,10.277,8.9003,7.4547,10.915,6.0
-45.287,-43.168,-42.053,-43.425,-44.934,-43.197,-41.966,-44.016,3.0
17.337,9.5302,18.232,13.96,13.314,10.277,6.1185,11.949,6.0
-4.2779,-5.3272,-0.78936,-3.6518,-0.18434,-8.3984,-5.5572,-4.4613,5.0
65.202,78.253,70.387,74.143,90.156,52.62,70.89,54.099,1.0
35.977,29.459,37.938,19.568,30.696,22.584,35.392,33.349,4.0
-5.6848,-15.365,-11.309,-7.0436,-13.551,-13.098,-11.453,-6.3607,7.0
30.763,34.735,32.547,32.511,29.491,36.064,21.895,22.47,4.0
10.268,8.0728,9.3594,8.4747,20.738,6.8321,7.4353,13.091,6.0
-22.682,-28.203,-46.08,-12.698,-65.951,-16.591,-61.101,-17.045,2.0
34.261,36.975,33.532,36.437,33.821,30.914,42.43,44.896,8.0
10.953,7.2442,14.418,11.167,12.401,16.568,11.417,9.4699,6.0
-39.484,-42.162,-40.144,-43.18,-40.157,-38.272,-39.424,-41.672,3.0
-10.791,-12.398,-6.0543,-14.934,-13.256,-14.974,-22.989,-15.957,7.0
-51.38,-58.74,-54.661,-57.746,-57.395,-47.335,-53.539,-60.584,3.0
12.146,10.992,8.6706,10.146,8.7726,7.7687,10.207,11.714,6.0
2.1268,4.681,0.78114,4.1543,1.9686,2.6811,3.2967,3.4695,5.0
-5.3509,-5.4397,-7.9386,-3.7446,-3.8982,-9.154,-7.6826,-3.9629,5.0
-9.7983,-13.299,-6.5579,-10.763,-8.2513,-18.443,-21.833,-20.743,7.0
42.455,41.258,38.691,46.558,47.191,47.735,48.187,33.776,8.0
-38.084,-40.092,-39.582,-40.182,-41.361,-41.361,-40.273,-37.452,3.0
0.40294,3.4444,5.0524,1.1134,3.8857,5.4005,4.2021,4.6135,5.0
43.481,36.036,39.041,44.018,43.505,39.915,47.067,42.634,8.0
34.636,42.937,35.076,42.631,37.71,35.027,28.728,49.32,8.0
42.456,33.517,38.423,44.091,39.285,46.691,42.477,44.573,8.0
3.7953,3.7482,1.3893,0.010808,-1.9329,3.4018,1.3025,-2.7647,5.0
1.086,-8.4875,-3.9449,-3.1939,1.8897,-0.87424,-5.1897,-5.8998,5.0
-35.256,-17.279,-27.654,-28.722,-20.994,-44.894,-44.061,-32.147,2.0
42.672,45.7,41.085,54.785,47.019,43.294,40.806,42.612,8.0
35.535,36.841,38.809,36.845,36.637,35.205,36.816,42.33,8.0
-2.4385,-7.6189,-0.77561,-8.6998,-3.0847,0.63015,-2.6452,-0.5903,5.0
30.126,32.722,29.916,23.863,30.927,18.586,28.27,34.6,4.0
-44.156,-23.526,-20.609,-11.729,-29.349,-49.483,-41.104,-32.313,2.0
41.687,43.534,32.419,46.74,38.157,48.344,37.895,39.634,8.0
10.545,14.877,9.2177,15.434,16.481,13.441,11.393,12.895,6.0
3.4216,0.87449,5.7969,2.6022,0.99385,0.24647,2.6227,0.50171,5.0
-11.066,-7.8466,-8.3393,-15.435,-6.0418,-9.4024,-15.788,-5.8894,7.0
-23.077,-18.621,-21.039,-14.484,-44.729,-33.91,-28.611,-17.332,2.0
2.6058,-1.753,0.11913,-5.0987,-4.3386,-4.2617,-8.292,-2.3281,5.0
-3.8883,-7.0586,-4.2445,-19.327,-8.9413,-14.38,-10.782,-18.837,7.0
-18.859,-1.6882,-16.407,-14.974,-19.318,-19.762,-17.025,-17.425,7.0
-13.787,-13.473,-10.535,-10.283,-8.4687,-9.9286,-16.415,-15.358,7.0
0.016816,2.5042,4.8929,3.1029,4.9007,3.2569,0.46665,1.0914,5.0
73.543,73.313,72.528,81.066,64.178,76.609,72.353,79.856,1.0
-44.646,-43.043,-46.646,-5.3624,-53.311,-27.197,-12.238,-28.125,2.0
76.267,28.095,65.77,58.731,64.342,95.202,70.016,51.585,1.0
